Classic Timing Analyzer report for kurswork
Thu May 07 16:43:13 2026
Quartus II Version 9.1 Build 222 10/21/2009 SJ Web Edition


---------------------
; Table of Contents ;
---------------------
  1. Legal Notice
  2. Timing Analyzer Summary
  3. Timing Analyzer Settings
  4. Clock Settings Summary
  5. Parallel Compilation
  6. Clock Setup: 'clk'
  7. tsu
  8. tco
  9. tpd
 10. th
 11. Timing Analyzer Messages



----------------
; Legal Notice ;
----------------
Copyright (C) 1991-2009 Altera Corporation
Your use of Altera Corporation's design tools, logic functions 
and other software and tools, and its AMPP partner logic 
functions, and any output files from any of the foregoing 
(including device programming or simulation files), and any 
associated documentation or information are expressly subject 
to the terms and conditions of the Altera Program License 
Subscription Agreement, Altera MegaCore Function License 
Agreement, or other applicable license agreement, including, 
without limitation, that your use is for the sole purpose of 
programming logic devices manufactured by Altera and sold by 
Altera or its authorized distributors.  Please refer to the 
applicable agreement for further details.



+--------------------------------------------------------------------------------------------------------------------------------------------------------------------------------------------------------------------------------------------------------------------------------------------+
; Timing Analyzer Summary                                                                                                                                                                                                                                                                    ;
+------------------------------+-------+---------------+----------------------------------+----------------------------------------------------------------------------------------+------------------------------------------------------------------+------------+----------+--------------+
; Type                         ; Slack ; Required Time ; Actual Time                      ; From                                                                                   ; To                                                               ; From Clock ; To Clock ; Failed Paths ;
+------------------------------+-------+---------------+----------------------------------+----------------------------------------------------------------------------------------+------------------------------------------------------------------+------------+----------+--------------+
; Worst-case tsu               ; N/A   ; None          ; 8.250 ns                         ; Tag[1]                                                                                 ; cash_line:inst34|lpm_dff3:inst3|lpm_ff:lpm_ff_component|dffs[5]  ; --         ; clk      ; 0            ;
; Worst-case tco               ; N/A   ; None          ; 13.392 ns                        ; lpm_counter1:inst3|lpm_counter:lpm_counter_component|cntr_5pi:auto_generated|safe_q[3] ; DataOut[0]                                                       ; clk        ; --       ; 0            ;
; Worst-case tpd               ; N/A   ; None          ; 15.822 ns                        ; Tag[1]                                                                                 ; DataOut[0]                                                       ; --         ; --       ; 0            ;
; Worst-case th                ; N/A   ; None          ; 0.315 ns                         ; Data[10]                                                                               ; cash_line:inst33|lpm_dff3:inst1|lpm_ff:lpm_ff_component|dffs[10] ; --         ; clk      ; 0            ;
; Clock Setup: 'clk'           ; N/A   ; None          ; 105.46 MHz ( period = 9.482 ns ) ; lpm_counter1:inst3|lpm_counter:lpm_counter_component|cntr_5pi:auto_generated|safe_q[3] ; cash_line:inst33|lpm_dff3:inst1|lpm_ff:lpm_ff_component|dffs[7]  ; clk        ; clk      ; 0            ;
; Total number of failed paths ;       ;               ;                                  ;                                                                                        ;                                                                  ;            ;          ; 0            ;
+------------------------------+-------+---------------+----------------------------------+----------------------------------------------------------------------------------------+------------------------------------------------------------------+------------+----------+--------------+


+-----------------------------------------------------------------------------------------------------------------------------------------------------+
; Timing Analyzer Settings                                                                                                                            ;
+------------------------------------------------------------------------------------------------------+--------------------+------+----+-------------+
; Option                                                                                               ; Setting            ; From ; To ; Entity Name ;
+------------------------------------------------------------------------------------------------------+--------------------+------+----+-------------+
; Device Name                                                                                          ; EP2S15F484C3       ;      ;    ;             ;
; Timing Models                                                                                        ; Final              ;      ;    ;             ;
; Default hold multicycle                                                                              ; Same as Multicycle ;      ;    ;             ;
; Cut paths between unrelated clock domains                                                            ; On                 ;      ;    ;             ;
; Cut off read during write signal paths                                                               ; On                 ;      ;    ;             ;
; Cut off feedback from I/O pins                                                                       ; On                 ;      ;    ;             ;
; Report Combined Fast/Slow Timing                                                                     ; Off                ;      ;    ;             ;
; Ignore Clock Settings                                                                                ; Off                ;      ;    ;             ;
; Analyze latches as synchronous elements                                                              ; On                 ;      ;    ;             ;
; Enable Recovery/Removal analysis                                                                     ; Off                ;      ;    ;             ;
; Enable Clock Latency                                                                                 ; Off                ;      ;    ;             ;
; Use TimeQuest Timing Analyzer                                                                        ; Off                ;      ;    ;             ;
; Number of source nodes to report per destination node                                                ; 10                 ;      ;    ;             ;
; Number of destination nodes to report                                                                ; 10                 ;      ;    ;             ;
; Number of paths to report                                                                            ; 200                ;      ;    ;             ;
; Report Minimum Timing Checks                                                                         ; Off                ;      ;    ;             ;
; Use Fast Timing Models                                                                               ; Off                ;      ;    ;             ;
; Report IO Paths Separately                                                                           ; Off                ;      ;    ;             ;
; Perform Multicorner Analysis                                                                         ; On                 ;      ;    ;             ;
; Reports the worst-case path for each clock domain and analysis                                       ; Off                ;      ;    ;             ;
; Reports worst-case timing paths for each clock domain and analysis                                   ; Off                ;      ;    ;             ;
; Specifies the maximum number of worst-case timing paths to report for each clock domain and analysis ; 100                ;      ;    ;             ;
; Removes common clock path pessimism (CCPP) during slack computation                                  ; Off                ;      ;    ;             ;
; Output I/O Timing Endpoint                                                                           ; Near End           ;      ;    ;             ;
+------------------------------------------------------------------------------------------------------+--------------------+------+----+-------------+


+------------------------------------------------------------------------------------------------------------------------------------------------------------------------------------+
; Clock Settings Summary                                                                                                                                                             ;
+-----------------+--------------------+----------+------------------+---------------+--------------+----------+-----------------------+---------------------+--------+--------------+
; Clock Node Name ; Clock Setting Name ; Type     ; Fmax Requirement ; Early Latency ; Late Latency ; Based on ; Multiply Base Fmax by ; Divide Base Fmax by ; Offset ; Phase offset ;
+-----------------+--------------------+----------+------------------+---------------+--------------+----------+-----------------------+---------------------+--------+--------------+
; clk             ;                    ; User Pin ; None             ; 0.000 ns      ; 0.000 ns     ; --       ; N/A                   ; N/A                 ; N/A    ;              ;
+-----------------+--------------------+----------+------------------+---------------+--------------+----------+-----------------------+---------------------+--------+--------------+


Parallel compilation was disabled, but you have multiple processors available. Enable parallel compilation to reduce compilation time.
+-------------------------------------+
; Parallel Compilation                ;
+----------------------------+--------+
; Processors                 ; Number ;
+----------------------------+--------+
; Number detected on machine ; 16     ;
; Maximum allowed            ; 1      ;
+----------------------------+--------+


+---------------------------------------------------------------------------------------------------------------------------------------------------------------------------------------------------------------------------------------------------------------------------------------------------------------------------------------------------------------------------------+
; Clock Setup: 'clk'                                                                                                                                                                                                                                                                                                                                                              ;
+-----------------------------------------+-----------------------------------------------------+--------------------------------------------------------------------------------------------------+------------------------------------------------------------------+------------+----------+-----------------------------+---------------------------+-------------------------+
; Slack                                   ; Actual fmax (period)                                ; From                                                                                             ; To                                                               ; From Clock ; To Clock ; Required Setup Relationship ; Required Longest P2P Time ; Actual Longest P2P Time ;
+-----------------------------------------+-----------------------------------------------------+--------------------------------------------------------------------------------------------------+------------------------------------------------------------------+------------+----------+-----------------------------+---------------------------+-------------------------+
; N/A                                     ; 105.46 MHz ( period = 9.482 ns )                    ; lpm_counter1:inst3|lpm_counter:lpm_counter_component|cntr_5pi:auto_generated|safe_q[3]           ; cash_line:inst33|lpm_dff3:inst1|lpm_ff:lpm_ff_component|dffs[7]  ; clk        ; clk      ; None                        ; None                      ; 4.558 ns                ;
; N/A                                     ; 105.73 MHz ( period = 9.458 ns )                    ; lpm_counter1:inst3|lpm_counter:lpm_counter_component|cntr_5pi:auto_generated|safe_q[3]           ; cash_line:inst33|lpm_dff3:inst3|lpm_ff:lpm_ff_component|dffs[9]  ; clk        ; clk      ; None                        ; None                      ; 4.546 ns                ;
; N/A                                     ; 105.73 MHz ( period = 9.458 ns )                    ; lpm_counter1:inst3|lpm_counter:lpm_counter_component|cntr_5pi:auto_generated|safe_q[3]           ; cash_line:inst33|lpm_dff3:inst3|lpm_ff:lpm_ff_component|dffs[8]  ; clk        ; clk      ; None                        ; None                      ; 4.546 ns                ;
; N/A                                     ; 105.73 MHz ( period = 9.458 ns )                    ; lpm_counter1:inst3|lpm_counter:lpm_counter_component|cntr_5pi:auto_generated|safe_q[3]           ; cash_line:inst33|lpm_dff3:inst3|lpm_ff:lpm_ff_component|dffs[7]  ; clk        ; clk      ; None                        ; None                      ; 4.546 ns                ;
; N/A                                     ; 105.73 MHz ( period = 9.458 ns )                    ; lpm_counter1:inst3|lpm_counter:lpm_counter_component|cntr_5pi:auto_generated|safe_q[3]           ; cash_line:inst33|lpm_dff3:inst3|lpm_ff:lpm_ff_component|dffs[5]  ; clk        ; clk      ; None                        ; None                      ; 4.546 ns                ;
; N/A                                     ; 106.02 MHz ( period = 9.432 ns )                    ; lpm_counter1:inst3|lpm_counter:lpm_counter_component|cntr_5pi:auto_generated|safe_q[3]           ; cash_line:inst31|lpm_dff3:inst2|lpm_ff:lpm_ff_component|dffs[0]  ; clk        ; clk      ; None                        ; None                      ; 4.545 ns                ;
; N/A                                     ; 106.91 MHz ( period = 9.354 ns )                    ; lpm_counter1:inst3|lpm_counter:lpm_counter_component|cntr_5pi:auto_generated|safe_q[3]           ; cash_line:inst33|lpm_dff2:inst|lpm_ff:lpm_ff_component|dffs[1]   ; clk        ; clk      ; None                        ; None                      ; 4.491 ns                ;
; N/A                                     ; 106.91 MHz ( period = 9.354 ns )                    ; lpm_counter1:inst3|lpm_counter:lpm_counter_component|cntr_5pi:auto_generated|safe_q[3]           ; cash_line:inst33|lpm_dff2:inst|lpm_ff:lpm_ff_component|dffs[0]   ; clk        ; clk      ; None                        ; None                      ; 4.491 ns                ;
; N/A                                     ; 106.91 MHz ( period = 9.354 ns )                    ; lpm_counter1:inst3|lpm_counter:lpm_counter_component|cntr_5pi:auto_generated|safe_q[3]           ; cash_line:inst33|lpm_dff2:inst|lpm_ff:lpm_ff_component|dffs[3]   ; clk        ; clk      ; None                        ; None                      ; 4.491 ns                ;
; N/A                                     ; 107.27 MHz ( period = 9.322 ns )                    ; lpm_counter1:inst3|lpm_counter:lpm_counter_component|cntr_5pi:auto_generated|safe_q[3]           ; cash_line:inst33|lpm_dff3:inst3|lpm_ff:lpm_ff_component|dffs[11] ; clk        ; clk      ; None                        ; None                      ; 4.477 ns                ;
; N/A                                     ; 107.27 MHz ( period = 9.322 ns )                    ; lpm_counter1:inst3|lpm_counter:lpm_counter_component|cntr_5pi:auto_generated|safe_q[3]           ; cash_line:inst33|lpm_dff3:inst3|lpm_ff:lpm_ff_component|dffs[6]  ; clk        ; clk      ; None                        ; None                      ; 4.477 ns                ;
; N/A                                     ; 107.32 MHz ( period = 9.318 ns )                    ; lpm_counter1:inst3|lpm_counter:lpm_counter_component|cntr_5pi:auto_generated|safe_q[3]           ; cash_line:inst33|lpm_dff3:inst1|lpm_ff:lpm_ff_component|dffs[11] ; clk        ; clk      ; None                        ; None                      ; 4.475 ns                ;
; N/A                                     ; 107.48 MHz ( period = 9.304 ns )                    ; lpm_counter1:inst2|lpm_counter:lpm_counter_component|cntr_5pi:auto_generated|safe_q[2]           ; cash_line:inst33|lpm_dff3:inst1|lpm_ff:lpm_ff_component|dffs[7]  ; clk        ; clk      ; None                        ; None                      ; 4.469 ns                ;
; N/A                                     ; 107.57 MHz ( period = 9.296 ns )                    ; lpm_counter1:inst3|lpm_counter:lpm_counter_component|cntr_5pi:auto_generated|safe_q[3]           ; cash_line:inst33|lpm_dff3:inst1|lpm_ff:lpm_ff_component|dffs[9]  ; clk        ; clk      ; None                        ; None                      ; 4.477 ns                ;
; N/A                                     ; 107.57 MHz ( period = 9.296 ns )                    ; lpm_counter1:inst3|lpm_counter:lpm_counter_component|cntr_5pi:auto_generated|safe_q[3]           ; cash_line:inst33|lpm_dff3:inst1|lpm_ff:lpm_ff_component|dffs[5]  ; clk        ; clk      ; None                        ; None                      ; 4.477 ns                ;
; N/A                                     ; 107.57 MHz ( period = 9.296 ns )                    ; lpm_counter1:inst3|lpm_counter:lpm_counter_component|cntr_5pi:auto_generated|safe_q[3]           ; cash_line:inst33|lpm_dff3:inst3|lpm_ff:lpm_ff_component|dffs[4]  ; clk        ; clk      ; None                        ; None                      ; 4.461 ns                ;
; N/A                                     ; 107.57 MHz ( period = 9.296 ns )                    ; lpm_counter1:inst3|lpm_counter:lpm_counter_component|cntr_5pi:auto_generated|safe_q[3]           ; cash_line:inst33|lpm_dff3:inst3|lpm_ff:lpm_ff_component|dffs[3]  ; clk        ; clk      ; None                        ; None                      ; 4.461 ns                ;
; N/A                                     ; 107.57 MHz ( period = 9.296 ns )                    ; lpm_counter1:inst3|lpm_counter:lpm_counter_component|cntr_5pi:auto_generated|safe_q[3]           ; cash_line:inst33|lpm_dff3:inst3|lpm_ff:lpm_ff_component|dffs[2]  ; clk        ; clk      ; None                        ; None                      ; 4.461 ns                ;
; N/A                                     ; 107.57 MHz ( period = 9.296 ns )                    ; lpm_counter1:inst3|lpm_counter:lpm_counter_component|cntr_5pi:auto_generated|safe_q[3]           ; cash_line:inst33|lpm_dff3:inst3|lpm_ff:lpm_ff_component|dffs[1]  ; clk        ; clk      ; None                        ; None                      ; 4.461 ns                ;
; N/A                                     ; 107.57 MHz ( period = 9.296 ns )                    ; lpm_counter1:inst3|lpm_counter:lpm_counter_component|cntr_5pi:auto_generated|safe_q[3]           ; cash_line:inst33|lpm_dff3:inst3|lpm_ff:lpm_ff_component|dffs[0]  ; clk        ; clk      ; None                        ; None                      ; 4.461 ns                ;
; N/A                                     ; 107.64 MHz ( period = 9.290 ns )                    ; lpm_counter1:inst3|lpm_counter:lpm_counter_component|cntr_5pi:auto_generated|safe_q[3]           ; cash_line:inst33|lpm_dff3:inst4|lpm_ff:lpm_ff_component|dffs[1]  ; clk        ; clk      ; None                        ; None                      ; 4.462 ns                ;
; N/A                                     ; 107.64 MHz ( period = 9.290 ns )                    ; lpm_counter1:inst3|lpm_counter:lpm_counter_component|cntr_5pi:auto_generated|safe_q[3]           ; cash_line:inst33|lpm_dff3:inst4|lpm_ff:lpm_ff_component|dffs[0]  ; clk        ; clk      ; None                        ; None                      ; 4.462 ns                ;
; N/A                                     ; 107.76 MHz ( period = 9.280 ns )                    ; lpm_counter1:inst2|lpm_counter:lpm_counter_component|cntr_5pi:auto_generated|safe_q[2]           ; cash_line:inst33|lpm_dff3:inst3|lpm_ff:lpm_ff_component|dffs[9]  ; clk        ; clk      ; None                        ; None                      ; 4.457 ns                ;
; N/A                                     ; 107.76 MHz ( period = 9.280 ns )                    ; lpm_counter1:inst2|lpm_counter:lpm_counter_component|cntr_5pi:auto_generated|safe_q[2]           ; cash_line:inst33|lpm_dff3:inst3|lpm_ff:lpm_ff_component|dffs[8]  ; clk        ; clk      ; None                        ; None                      ; 4.457 ns                ;
; N/A                                     ; 107.76 MHz ( period = 9.280 ns )                    ; lpm_counter1:inst2|lpm_counter:lpm_counter_component|cntr_5pi:auto_generated|safe_q[2]           ; cash_line:inst33|lpm_dff3:inst3|lpm_ff:lpm_ff_component|dffs[7]  ; clk        ; clk      ; None                        ; None                      ; 4.457 ns                ;
; N/A                                     ; 107.76 MHz ( period = 9.280 ns )                    ; lpm_counter1:inst2|lpm_counter:lpm_counter_component|cntr_5pi:auto_generated|safe_q[2]           ; cash_line:inst33|lpm_dff3:inst3|lpm_ff:lpm_ff_component|dffs[5]  ; clk        ; clk      ; None                        ; None                      ; 4.457 ns                ;
; N/A                                     ; 107.90 MHz ( period = 9.268 ns )                    ; lpm_counter1:inst3|lpm_counter:lpm_counter_component|cntr_5pi:auto_generated|safe_q[3]           ; cash_line:inst33|lpm_dff3:inst1|lpm_ff:lpm_ff_component|dffs[3]  ; clk        ; clk      ; None                        ; None                      ; 4.447 ns                ;
; N/A                                     ; 107.90 MHz ( period = 9.268 ns )                    ; lpm_counter1:inst3|lpm_counter:lpm_counter_component|cntr_5pi:auto_generated|safe_q[3]           ; cash_line:inst33|lpm_dff3:inst1|lpm_ff:lpm_ff_component|dffs[1]  ; clk        ; clk      ; None                        ; None                      ; 4.447 ns                ;
; N/A                                     ; 108.06 MHz ( period = 9.254 ns )                    ; lpm_counter1:inst2|lpm_counter:lpm_counter_component|cntr_5pi:auto_generated|safe_q[2]           ; cash_line:inst31|lpm_dff3:inst2|lpm_ff:lpm_ff_component|dffs[0]  ; clk        ; clk      ; None                        ; None                      ; 4.456 ns                ;
; N/A                                     ; 108.08 MHz ( period = 9.252 ns )                    ; lpm_counter1:inst3|lpm_counter:lpm_counter_component|cntr_5pi:auto_generated|safe_q[3]           ; cash_line:inst31|lpm_dff3:inst3|lpm_ff:lpm_ff_component|dffs[1]  ; clk        ; clk      ; None                        ; None                      ; 4.440 ns                ;
; N/A                                     ; 108.08 MHz ( period = 9.252 ns )                    ; lpm_counter1:inst3|lpm_counter:lpm_counter_component|cntr_5pi:auto_generated|safe_q[3]           ; cash_line:inst31|lpm_dff3:inst3|lpm_ff:lpm_ff_component|dffs[0]  ; clk        ; clk      ; None                        ; None                      ; 4.440 ns                ;
; N/A                                     ; 108.32 MHz ( period = 9.232 ns )                    ; lpm_counter1:inst3|lpm_counter:lpm_counter_component|cntr_5pi:auto_generated|safe_q[3]           ; cash_line:inst31|lpm_dff3:inst2|lpm_ff:lpm_ff_component|dffs[12] ; clk        ; clk      ; None                        ; None                      ; 4.447 ns                ;
; N/A                                     ; 108.32 MHz ( period = 9.232 ns )                    ; lpm_counter1:inst3|lpm_counter:lpm_counter_component|cntr_5pi:auto_generated|safe_q[3]           ; cash_line:inst31|lpm_dff3:inst2|lpm_ff:lpm_ff_component|dffs[11] ; clk        ; clk      ; None                        ; None                      ; 4.447 ns                ;
; N/A                                     ; 108.32 MHz ( period = 9.232 ns )                    ; lpm_counter1:inst3|lpm_counter:lpm_counter_component|cntr_5pi:auto_generated|safe_q[3]           ; cash_line:inst31|lpm_dff3:inst2|lpm_ff:lpm_ff_component|dffs[10] ; clk        ; clk      ; None                        ; None                      ; 4.447 ns                ;
; N/A                                     ; 108.32 MHz ( period = 9.232 ns )                    ; lpm_counter1:inst3|lpm_counter:lpm_counter_component|cntr_5pi:auto_generated|safe_q[3]           ; cash_line:inst31|lpm_dff3:inst2|lpm_ff:lpm_ff_component|dffs[9]  ; clk        ; clk      ; None                        ; None                      ; 4.447 ns                ;
; N/A                                     ; 108.32 MHz ( period = 9.232 ns )                    ; lpm_counter1:inst3|lpm_counter:lpm_counter_component|cntr_5pi:auto_generated|safe_q[3]           ; cash_line:inst31|lpm_dff3:inst2|lpm_ff:lpm_ff_component|dffs[8]  ; clk        ; clk      ; None                        ; None                      ; 4.447 ns                ;
; N/A                                     ; 108.32 MHz ( period = 9.232 ns )                    ; lpm_counter1:inst3|lpm_counter:lpm_counter_component|cntr_5pi:auto_generated|safe_q[3]           ; cash_line:inst31|lpm_dff3:inst2|lpm_ff:lpm_ff_component|dffs[7]  ; clk        ; clk      ; None                        ; None                      ; 4.447 ns                ;
; N/A                                     ; 108.32 MHz ( period = 9.232 ns )                    ; lpm_counter1:inst3|lpm_counter:lpm_counter_component|cntr_5pi:auto_generated|safe_q[3]           ; cash_line:inst31|lpm_dff3:inst2|lpm_ff:lpm_ff_component|dffs[6]  ; clk        ; clk      ; None                        ; None                      ; 4.447 ns                ;
; N/A                                     ; 108.32 MHz ( period = 9.232 ns )                    ; lpm_counter1:inst3|lpm_counter:lpm_counter_component|cntr_5pi:auto_generated|safe_q[3]           ; cash_line:inst31|lpm_dff3:inst2|lpm_ff:lpm_ff_component|dffs[5]  ; clk        ; clk      ; None                        ; None                      ; 4.447 ns                ;
; N/A                                     ; 108.32 MHz ( period = 9.232 ns )                    ; lpm_counter1:inst3|lpm_counter:lpm_counter_component|cntr_5pi:auto_generated|safe_q[3]           ; cash_line:inst31|lpm_dff3:inst2|lpm_ff:lpm_ff_component|dffs[4]  ; clk        ; clk      ; None                        ; None                      ; 4.447 ns                ;
; N/A                                     ; 108.32 MHz ( period = 9.232 ns )                    ; lpm_counter1:inst3|lpm_counter:lpm_counter_component|cntr_5pi:auto_generated|safe_q[3]           ; cash_line:inst31|lpm_dff3:inst2|lpm_ff:lpm_ff_component|dffs[3]  ; clk        ; clk      ; None                        ; None                      ; 4.447 ns                ;
; N/A                                     ; 108.32 MHz ( period = 9.232 ns )                    ; lpm_counter1:inst3|lpm_counter:lpm_counter_component|cntr_5pi:auto_generated|safe_q[3]           ; cash_line:inst31|lpm_dff3:inst2|lpm_ff:lpm_ff_component|dffs[2]  ; clk        ; clk      ; None                        ; None                      ; 4.447 ns                ;
; N/A                                     ; 108.32 MHz ( period = 9.232 ns )                    ; lpm_counter1:inst3|lpm_counter:lpm_counter_component|cntr_5pi:auto_generated|safe_q[3]           ; cash_line:inst31|lpm_dff3:inst2|lpm_ff:lpm_ff_component|dffs[1]  ; clk        ; clk      ; None                        ; None                      ; 4.447 ns                ;
; N/A                                     ; 108.58 MHz ( period = 9.210 ns )                    ; lpm_counter1:inst1|lpm_counter:lpm_counter_component|cntr_5pi:auto_generated|safe_q[2]           ; cash_line:inst33|lpm_dff3:inst1|lpm_ff:lpm_ff_component|dffs[7]  ; clk        ; clk      ; None                        ; None                      ; 4.432 ns                ;
; N/A                                     ; 108.62 MHz ( period = 9.206 ns )                    ; lpm_counter1:inst3|lpm_counter:lpm_counter_component|cntr_5pi:auto_generated|safe_q[3]           ; cash_line:inst33|lpm_dff3:inst2|lpm_ff:lpm_ff_component|dffs[0]  ; clk        ; clk      ; None                        ; None                      ; 4.432 ns                ;
; N/A                                     ; 108.86 MHz ( period = 9.186 ns )                    ; lpm_counter1:inst1|lpm_counter:lpm_counter_component|cntr_5pi:auto_generated|safe_q[2]           ; cash_line:inst33|lpm_dff3:inst3|lpm_ff:lpm_ff_component|dffs[9]  ; clk        ; clk      ; None                        ; None                      ; 4.420 ns                ;
; N/A                                     ; 108.86 MHz ( period = 9.186 ns )                    ; lpm_counter1:inst1|lpm_counter:lpm_counter_component|cntr_5pi:auto_generated|safe_q[2]           ; cash_line:inst33|lpm_dff3:inst3|lpm_ff:lpm_ff_component|dffs[8]  ; clk        ; clk      ; None                        ; None                      ; 4.420 ns                ;
; N/A                                     ; 108.86 MHz ( period = 9.186 ns )                    ; lpm_counter1:inst1|lpm_counter:lpm_counter_component|cntr_5pi:auto_generated|safe_q[2]           ; cash_line:inst33|lpm_dff3:inst3|lpm_ff:lpm_ff_component|dffs[7]  ; clk        ; clk      ; None                        ; None                      ; 4.420 ns                ;
; N/A                                     ; 108.86 MHz ( period = 9.186 ns )                    ; lpm_counter1:inst1|lpm_counter:lpm_counter_component|cntr_5pi:auto_generated|safe_q[2]           ; cash_line:inst33|lpm_dff3:inst3|lpm_ff:lpm_ff_component|dffs[5]  ; clk        ; clk      ; None                        ; None                      ; 4.420 ns                ;
; N/A                                     ; 108.93 MHz ( period = 9.180 ns )                    ; lpm_counter1:inst3|lpm_counter:lpm_counter_component|cntr_5pi:auto_generated|safe_q[3]           ; cash_line:inst34|lpm_dff3:inst1|lpm_ff:lpm_ff_component|dffs[5]  ; clk        ; clk      ; None                        ; None                      ; 4.419 ns                ;
; N/A                                     ; 108.93 MHz ( period = 9.180 ns )                    ; lpm_counter1:inst3|lpm_counter:lpm_counter_component|cntr_5pi:auto_generated|safe_q[3]           ; cash_line:inst34|lpm_dff3:inst1|lpm_ff:lpm_ff_component|dffs[4]  ; clk        ; clk      ; None                        ; None                      ; 4.419 ns                ;
; N/A                                     ; 108.93 MHz ( period = 9.180 ns )                    ; lpm_counter1:inst3|lpm_counter:lpm_counter_component|cntr_5pi:auto_generated|safe_q[3]           ; cash_line:inst34|lpm_dff3:inst1|lpm_ff:lpm_ff_component|dffs[2]  ; clk        ; clk      ; None                        ; None                      ; 4.419 ns                ;
; N/A                                     ; 108.98 MHz ( period = 9.176 ns )                    ; lpm_counter1:inst2|lpm_counter:lpm_counter_component|cntr_5pi:auto_generated|safe_q[2]           ; cash_line:inst33|lpm_dff2:inst|lpm_ff:lpm_ff_component|dffs[1]   ; clk        ; clk      ; None                        ; None                      ; 4.402 ns                ;
; N/A                                     ; 108.98 MHz ( period = 9.176 ns )                    ; lpm_counter1:inst2|lpm_counter:lpm_counter_component|cntr_5pi:auto_generated|safe_q[2]           ; cash_line:inst33|lpm_dff2:inst|lpm_ff:lpm_ff_component|dffs[0]   ; clk        ; clk      ; None                        ; None                      ; 4.402 ns                ;
; N/A                                     ; 108.98 MHz ( period = 9.176 ns )                    ; lpm_counter1:inst2|lpm_counter:lpm_counter_component|cntr_5pi:auto_generated|safe_q[2]           ; cash_line:inst33|lpm_dff2:inst|lpm_ff:lpm_ff_component|dffs[3]   ; clk        ; clk      ; None                        ; None                      ; 4.402 ns                ;
; N/A                                     ; 109.12 MHz ( period = 9.164 ns )                    ; lpm_counter1:inst|lpm_counter:lpm_counter_component|cntr_5pi:auto_generated|safe_q[3]~DUPLICATE  ; cash_line:inst33|lpm_dff3:inst1|lpm_ff:lpm_ff_component|dffs[7]  ; clk        ; clk      ; None                        ; None                      ; 4.407 ns                ;
; N/A                                     ; 109.15 MHz ( period = 9.162 ns )                    ; lpm_counter1:inst1|lpm_counter:lpm_counter_component|cntr_5pi:auto_generated|safe_q[2]           ; cash_line:inst31|lpm_dff3:inst2|lpm_ff:lpm_ff_component|dffs[0]  ; clk        ; clk      ; None                        ; None                      ; 4.420 ns                ;
; N/A                                     ; 109.24 MHz ( period = 9.154 ns )                    ; lpm_counter1:inst3|lpm_counter:lpm_counter_component|cntr_5pi:auto_generated|safe_q[3]           ; cash_line:inst34|lpm_dff3:inst3|lpm_ff:lpm_ff_component|dffs[7]  ; clk        ; clk      ; None                        ; None                      ; 4.393 ns                ;
; N/A                                     ; 109.24 MHz ( period = 9.154 ns )                    ; lpm_counter1:inst3|lpm_counter:lpm_counter_component|cntr_5pi:auto_generated|safe_q[3]           ; cash_line:inst34|lpm_dff3:inst3|lpm_ff:lpm_ff_component|dffs[5]  ; clk        ; clk      ; None                        ; None                      ; 4.393 ns                ;
; N/A                                     ; 109.36 MHz ( period = 9.144 ns )                    ; lpm_counter1:inst2|lpm_counter:lpm_counter_component|cntr_5pi:auto_generated|safe_q[2]           ; cash_line:inst33|lpm_dff3:inst3|lpm_ff:lpm_ff_component|dffs[11] ; clk        ; clk      ; None                        ; None                      ; 4.388 ns                ;
; N/A                                     ; 109.36 MHz ( period = 9.144 ns )                    ; lpm_counter1:inst2|lpm_counter:lpm_counter_component|cntr_5pi:auto_generated|safe_q[2]           ; cash_line:inst33|lpm_dff3:inst3|lpm_ff:lpm_ff_component|dffs[6]  ; clk        ; clk      ; None                        ; None                      ; 4.388 ns                ;
; N/A                                     ; 109.41 MHz ( period = 9.140 ns )                    ; lpm_counter1:inst2|lpm_counter:lpm_counter_component|cntr_5pi:auto_generated|safe_q[2]           ; cash_line:inst33|lpm_dff3:inst1|lpm_ff:lpm_ff_component|dffs[11] ; clk        ; clk      ; None                        ; None                      ; 4.386 ns                ;
; N/A                                     ; 109.41 MHz ( period = 9.140 ns )                    ; lpm_counter1:inst|lpm_counter:lpm_counter_component|cntr_5pi:auto_generated|safe_q[3]~DUPLICATE  ; cash_line:inst33|lpm_dff3:inst3|lpm_ff:lpm_ff_component|dffs[9]  ; clk        ; clk      ; None                        ; None                      ; 4.395 ns                ;
; N/A                                     ; 109.41 MHz ( period = 9.140 ns )                    ; lpm_counter1:inst|lpm_counter:lpm_counter_component|cntr_5pi:auto_generated|safe_q[3]~DUPLICATE  ; cash_line:inst33|lpm_dff3:inst3|lpm_ff:lpm_ff_component|dffs[8]  ; clk        ; clk      ; None                        ; None                      ; 4.395 ns                ;
; N/A                                     ; 109.41 MHz ( period = 9.140 ns )                    ; lpm_counter1:inst|lpm_counter:lpm_counter_component|cntr_5pi:auto_generated|safe_q[3]~DUPLICATE  ; cash_line:inst33|lpm_dff3:inst3|lpm_ff:lpm_ff_component|dffs[7]  ; clk        ; clk      ; None                        ; None                      ; 4.395 ns                ;
; N/A                                     ; 109.41 MHz ( period = 9.140 ns )                    ; lpm_counter1:inst|lpm_counter:lpm_counter_component|cntr_5pi:auto_generated|safe_q[3]~DUPLICATE  ; cash_line:inst33|lpm_dff3:inst3|lpm_ff:lpm_ff_component|dffs[5]  ; clk        ; clk      ; None                        ; None                      ; 4.395 ns                ;
; N/A                                     ; 109.67 MHz ( period = 9.118 ns )                    ; lpm_counter1:inst2|lpm_counter:lpm_counter_component|cntr_5pi:auto_generated|safe_q[2]           ; cash_line:inst33|lpm_dff3:inst1|lpm_ff:lpm_ff_component|dffs[9]  ; clk        ; clk      ; None                        ; None                      ; 4.388 ns                ;
; N/A                                     ; 109.67 MHz ( period = 9.118 ns )                    ; lpm_counter1:inst2|lpm_counter:lpm_counter_component|cntr_5pi:auto_generated|safe_q[2]           ; cash_line:inst33|lpm_dff3:inst1|lpm_ff:lpm_ff_component|dffs[5]  ; clk        ; clk      ; None                        ; None                      ; 4.388 ns                ;
; N/A                                     ; 109.67 MHz ( period = 9.118 ns )                    ; lpm_counter1:inst2|lpm_counter:lpm_counter_component|cntr_5pi:auto_generated|safe_q[2]           ; cash_line:inst33|lpm_dff3:inst3|lpm_ff:lpm_ff_component|dffs[4]  ; clk        ; clk      ; None                        ; None                      ; 4.372 ns                ;
; N/A                                     ; 109.67 MHz ( period = 9.118 ns )                    ; lpm_counter1:inst2|lpm_counter:lpm_counter_component|cntr_5pi:auto_generated|safe_q[2]           ; cash_line:inst33|lpm_dff3:inst3|lpm_ff:lpm_ff_component|dffs[3]  ; clk        ; clk      ; None                        ; None                      ; 4.372 ns                ;
; N/A                                     ; 109.67 MHz ( period = 9.118 ns )                    ; lpm_counter1:inst2|lpm_counter:lpm_counter_component|cntr_5pi:auto_generated|safe_q[2]           ; cash_line:inst33|lpm_dff3:inst3|lpm_ff:lpm_ff_component|dffs[2]  ; clk        ; clk      ; None                        ; None                      ; 4.372 ns                ;
; N/A                                     ; 109.67 MHz ( period = 9.118 ns )                    ; lpm_counter1:inst3|lpm_counter:lpm_counter_component|cntr_5pi:auto_generated|safe_q[3]           ; cash_line:inst34|lpm_dff3:inst2|lpm_ff:lpm_ff_component|dffs[2]  ; clk        ; clk      ; None                        ; None                      ; 4.388 ns                ;
; N/A                                     ; 109.67 MHz ( period = 9.118 ns )                    ; lpm_counter1:inst2|lpm_counter:lpm_counter_component|cntr_5pi:auto_generated|safe_q[2]           ; cash_line:inst33|lpm_dff3:inst3|lpm_ff:lpm_ff_component|dffs[1]  ; clk        ; clk      ; None                        ; None                      ; 4.372 ns                ;
; N/A                                     ; 109.67 MHz ( period = 9.118 ns )                    ; lpm_counter1:inst3|lpm_counter:lpm_counter_component|cntr_5pi:auto_generated|safe_q[3]           ; cash_line:inst34|lpm_dff3:inst2|lpm_ff:lpm_ff_component|dffs[1]  ; clk        ; clk      ; None                        ; None                      ; 4.388 ns                ;
; N/A                                     ; 109.67 MHz ( period = 9.118 ns )                    ; lpm_counter1:inst2|lpm_counter:lpm_counter_component|cntr_5pi:auto_generated|safe_q[2]           ; cash_line:inst33|lpm_dff3:inst3|lpm_ff:lpm_ff_component|dffs[0]  ; clk        ; clk      ; None                        ; None                      ; 4.372 ns                ;
; N/A                                     ; 109.67 MHz ( period = 9.118 ns )                    ; lpm_counter1:inst3|lpm_counter:lpm_counter_component|cntr_5pi:auto_generated|safe_q[3]           ; cash_line:inst34|lpm_dff3:inst2|lpm_ff:lpm_ff_component|dffs[0]  ; clk        ; clk      ; None                        ; None                      ; 4.388 ns                ;
; N/A                                     ; 109.70 MHz ( period = 9.116 ns )                    ; lpm_counter1:inst|lpm_counter:lpm_counter_component|cntr_5pi:auto_generated|safe_q[3]~DUPLICATE  ; cash_line:inst31|lpm_dff3:inst2|lpm_ff:lpm_ff_component|dffs[0]  ; clk        ; clk      ; None                        ; None                      ; 4.395 ns                ;
; N/A                                     ; 109.75 MHz ( period = 9.112 ns )                    ; lpm_counter1:inst2|lpm_counter:lpm_counter_component|cntr_5pi:auto_generated|safe_q[2]           ; cash_line:inst33|lpm_dff3:inst4|lpm_ff:lpm_ff_component|dffs[1]  ; clk        ; clk      ; None                        ; None                      ; 4.373 ns                ;
; N/A                                     ; 109.75 MHz ( period = 9.112 ns )                    ; lpm_counter1:inst2|lpm_counter:lpm_counter_component|cntr_5pi:auto_generated|safe_q[2]           ; cash_line:inst33|lpm_dff3:inst4|lpm_ff:lpm_ff_component|dffs[0]  ; clk        ; clk      ; None                        ; None                      ; 4.373 ns                ;
; N/A                                     ; 110.01 MHz ( period = 9.090 ns )                    ; lpm_counter1:inst2|lpm_counter:lpm_counter_component|cntr_5pi:auto_generated|safe_q[2]           ; cash_line:inst33|lpm_dff3:inst1|lpm_ff:lpm_ff_component|dffs[3]  ; clk        ; clk      ; None                        ; None                      ; 4.358 ns                ;
; N/A                                     ; 110.01 MHz ( period = 9.090 ns )                    ; lpm_counter1:inst2|lpm_counter:lpm_counter_component|cntr_5pi:auto_generated|safe_q[2]           ; cash_line:inst33|lpm_dff3:inst1|lpm_ff:lpm_ff_component|dffs[1]  ; clk        ; clk      ; None                        ; None                      ; 4.358 ns                ;
; N/A                                     ; 110.06 MHz ( period = 9.086 ns )                    ; lpm_counter1:inst3|lpm_counter:lpm_counter_component|cntr_5pi:auto_generated|safe_q[3]~DUPLICATE ; cash_line:inst33|lpm_dff3:inst1|lpm_ff:lpm_ff_component|dffs[7]  ; clk        ; clk      ; None                        ; None                      ; 4.360 ns                ;
; N/A                                     ; 110.11 MHz ( period = 9.082 ns )                    ; lpm_counter1:inst1|lpm_counter:lpm_counter_component|cntr_5pi:auto_generated|safe_q[2]           ; cash_line:inst33|lpm_dff2:inst|lpm_ff:lpm_ff_component|dffs[1]   ; clk        ; clk      ; None                        ; None                      ; 4.365 ns                ;
; N/A                                     ; 110.11 MHz ( period = 9.082 ns )                    ; lpm_counter1:inst1|lpm_counter:lpm_counter_component|cntr_5pi:auto_generated|safe_q[2]           ; cash_line:inst33|lpm_dff2:inst|lpm_ff:lpm_ff_component|dffs[0]   ; clk        ; clk      ; None                        ; None                      ; 4.365 ns                ;
; N/A                                     ; 110.11 MHz ( period = 9.082 ns )                    ; lpm_counter1:inst1|lpm_counter:lpm_counter_component|cntr_5pi:auto_generated|safe_q[2]           ; cash_line:inst33|lpm_dff2:inst|lpm_ff:lpm_ff_component|dffs[3]   ; clk        ; clk      ; None                        ; None                      ; 4.365 ns                ;
; N/A                                     ; 110.18 MHz ( period = 9.076 ns )                    ; lpm_counter1:inst3|lpm_counter:lpm_counter_component|cntr_5pi:auto_generated|safe_q[3]           ; cash_line:inst34|lpm_dff3:inst4|lpm_ff:lpm_ff_component|dffs[12] ; clk        ; clk      ; None                        ; None                      ; 4.354 ns                ;
; N/A                                     ; 110.18 MHz ( period = 9.076 ns )                    ; lpm_counter1:inst3|lpm_counter:lpm_counter_component|cntr_5pi:auto_generated|safe_q[3]           ; cash_line:inst34|lpm_dff3:inst4|lpm_ff:lpm_ff_component|dffs[11] ; clk        ; clk      ; None                        ; None                      ; 4.354 ns                ;
; N/A                                     ; 110.18 MHz ( period = 9.076 ns )                    ; lpm_counter1:inst3|lpm_counter:lpm_counter_component|cntr_5pi:auto_generated|safe_q[3]           ; cash_line:inst34|lpm_dff3:inst4|lpm_ff:lpm_ff_component|dffs[10] ; clk        ; clk      ; None                        ; None                      ; 4.354 ns                ;
; N/A                                     ; 110.18 MHz ( period = 9.076 ns )                    ; lpm_counter1:inst3|lpm_counter:lpm_counter_component|cntr_5pi:auto_generated|safe_q[3]           ; cash_line:inst34|lpm_dff3:inst4|lpm_ff:lpm_ff_component|dffs[9]  ; clk        ; clk      ; None                        ; None                      ; 4.354 ns                ;
; N/A                                     ; 110.18 MHz ( period = 9.076 ns )                    ; lpm_counter1:inst3|lpm_counter:lpm_counter_component|cntr_5pi:auto_generated|safe_q[3]           ; cash_line:inst34|lpm_dff3:inst4|lpm_ff:lpm_ff_component|dffs[8]  ; clk        ; clk      ; None                        ; None                      ; 4.354 ns                ;
; N/A                                     ; 110.18 MHz ( period = 9.076 ns )                    ; lpm_counter1:inst3|lpm_counter:lpm_counter_component|cntr_5pi:auto_generated|safe_q[3]           ; cash_line:inst34|lpm_dff3:inst4|lpm_ff:lpm_ff_component|dffs[7]  ; clk        ; clk      ; None                        ; None                      ; 4.354 ns                ;
; N/A                                     ; 110.18 MHz ( period = 9.076 ns )                    ; lpm_counter1:inst3|lpm_counter:lpm_counter_component|cntr_5pi:auto_generated|safe_q[3]           ; cash_line:inst34|lpm_dff3:inst4|lpm_ff:lpm_ff_component|dffs[6]  ; clk        ; clk      ; None                        ; None                      ; 4.354 ns                ;
; N/A                                     ; 110.18 MHz ( period = 9.076 ns )                    ; lpm_counter1:inst3|lpm_counter:lpm_counter_component|cntr_5pi:auto_generated|safe_q[3]           ; cash_line:inst34|lpm_dff3:inst4|lpm_ff:lpm_ff_component|dffs[5]  ; clk        ; clk      ; None                        ; None                      ; 4.354 ns                ;
; N/A                                     ; 110.18 MHz ( period = 9.076 ns )                    ; lpm_counter1:inst3|lpm_counter:lpm_counter_component|cntr_5pi:auto_generated|safe_q[3]           ; cash_line:inst34|lpm_dff3:inst4|lpm_ff:lpm_ff_component|dffs[4]  ; clk        ; clk      ; None                        ; None                      ; 4.354 ns                ;
; N/A                                     ; 110.18 MHz ( period = 9.076 ns )                    ; lpm_counter1:inst3|lpm_counter:lpm_counter_component|cntr_5pi:auto_generated|safe_q[3]           ; cash_line:inst34|lpm_dff3:inst4|lpm_ff:lpm_ff_component|dffs[3]  ; clk        ; clk      ; None                        ; None                      ; 4.354 ns                ;
; N/A                                     ; 110.18 MHz ( period = 9.076 ns )                    ; lpm_counter1:inst3|lpm_counter:lpm_counter_component|cntr_5pi:auto_generated|safe_q[3]           ; cash_line:inst34|lpm_dff3:inst4|lpm_ff:lpm_ff_component|dffs[2]  ; clk        ; clk      ; None                        ; None                      ; 4.354 ns                ;
; N/A                                     ; 110.18 MHz ( period = 9.076 ns )                    ; lpm_counter1:inst3|lpm_counter:lpm_counter_component|cntr_5pi:auto_generated|safe_q[3]           ; cash_line:inst34|lpm_dff3:inst4|lpm_ff:lpm_ff_component|dffs[1]  ; clk        ; clk      ; None                        ; None                      ; 4.354 ns                ;
; N/A                                     ; 110.18 MHz ( period = 9.076 ns )                    ; lpm_counter1:inst3|lpm_counter:lpm_counter_component|cntr_5pi:auto_generated|safe_q[3]           ; cash_line:inst34|lpm_dff3:inst4|lpm_ff:lpm_ff_component|dffs[0]  ; clk        ; clk      ; None                        ; None                      ; 4.354 ns                ;
; N/A                                     ; 110.20 MHz ( period = 9.074 ns )                    ; lpm_counter1:inst2|lpm_counter:lpm_counter_component|cntr_5pi:auto_generated|safe_q[2]           ; cash_line:inst31|lpm_dff3:inst3|lpm_ff:lpm_ff_component|dffs[1]  ; clk        ; clk      ; None                        ; None                      ; 4.351 ns                ;
; N/A                                     ; 110.20 MHz ( period = 9.074 ns )                    ; lpm_counter1:inst2|lpm_counter:lpm_counter_component|cntr_5pi:auto_generated|safe_q[2]           ; cash_line:inst31|lpm_dff3:inst3|lpm_ff:lpm_ff_component|dffs[0]  ; clk        ; clk      ; None                        ; None                      ; 4.351 ns                ;
; N/A                                     ; 110.35 MHz ( period = 9.062 ns )                    ; lpm_counter1:inst3|lpm_counter:lpm_counter_component|cntr_5pi:auto_generated|safe_q[3]~DUPLICATE ; cash_line:inst33|lpm_dff3:inst3|lpm_ff:lpm_ff_component|dffs[9]  ; clk        ; clk      ; None                        ; None                      ; 4.348 ns                ;
; N/A                                     ; 110.35 MHz ( period = 9.062 ns )                    ; lpm_counter1:inst3|lpm_counter:lpm_counter_component|cntr_5pi:auto_generated|safe_q[3]~DUPLICATE ; cash_line:inst33|lpm_dff3:inst3|lpm_ff:lpm_ff_component|dffs[8]  ; clk        ; clk      ; None                        ; None                      ; 4.348 ns                ;
; N/A                                     ; 110.35 MHz ( period = 9.062 ns )                    ; lpm_counter1:inst3|lpm_counter:lpm_counter_component|cntr_5pi:auto_generated|safe_q[3]~DUPLICATE ; cash_line:inst33|lpm_dff3:inst3|lpm_ff:lpm_ff_component|dffs[7]  ; clk        ; clk      ; None                        ; None                      ; 4.348 ns                ;
; N/A                                     ; 110.35 MHz ( period = 9.062 ns )                    ; lpm_counter1:inst3|lpm_counter:lpm_counter_component|cntr_5pi:auto_generated|safe_q[3]~DUPLICATE ; cash_line:inst33|lpm_dff3:inst3|lpm_ff:lpm_ff_component|dffs[5]  ; clk        ; clk      ; None                        ; None                      ; 4.348 ns                ;
; N/A                                     ; 110.45 MHz ( period = 9.054 ns )                    ; lpm_counter1:inst2|lpm_counter:lpm_counter_component|cntr_5pi:auto_generated|safe_q[2]           ; cash_line:inst31|lpm_dff3:inst2|lpm_ff:lpm_ff_component|dffs[12] ; clk        ; clk      ; None                        ; None                      ; 4.358 ns                ;
; N/A                                     ; 110.45 MHz ( period = 9.054 ns )                    ; lpm_counter1:inst2|lpm_counter:lpm_counter_component|cntr_5pi:auto_generated|safe_q[2]           ; cash_line:inst31|lpm_dff3:inst2|lpm_ff:lpm_ff_component|dffs[11] ; clk        ; clk      ; None                        ; None                      ; 4.358 ns                ;
; N/A                                     ; 110.45 MHz ( period = 9.054 ns )                    ; lpm_counter1:inst2|lpm_counter:lpm_counter_component|cntr_5pi:auto_generated|safe_q[2]           ; cash_line:inst31|lpm_dff3:inst2|lpm_ff:lpm_ff_component|dffs[10] ; clk        ; clk      ; None                        ; None                      ; 4.358 ns                ;
; N/A                                     ; 110.45 MHz ( period = 9.054 ns )                    ; lpm_counter1:inst2|lpm_counter:lpm_counter_component|cntr_5pi:auto_generated|safe_q[2]           ; cash_line:inst31|lpm_dff3:inst2|lpm_ff:lpm_ff_component|dffs[9]  ; clk        ; clk      ; None                        ; None                      ; 4.358 ns                ;
; N/A                                     ; 110.45 MHz ( period = 9.054 ns )                    ; lpm_counter1:inst2|lpm_counter:lpm_counter_component|cntr_5pi:auto_generated|safe_q[2]           ; cash_line:inst31|lpm_dff3:inst2|lpm_ff:lpm_ff_component|dffs[8]  ; clk        ; clk      ; None                        ; None                      ; 4.358 ns                ;
; N/A                                     ; 110.45 MHz ( period = 9.054 ns )                    ; lpm_counter1:inst2|lpm_counter:lpm_counter_component|cntr_5pi:auto_generated|safe_q[2]           ; cash_line:inst31|lpm_dff3:inst2|lpm_ff:lpm_ff_component|dffs[7]  ; clk        ; clk      ; None                        ; None                      ; 4.358 ns                ;
; N/A                                     ; 110.45 MHz ( period = 9.054 ns )                    ; lpm_counter1:inst2|lpm_counter:lpm_counter_component|cntr_5pi:auto_generated|safe_q[2]           ; cash_line:inst31|lpm_dff3:inst2|lpm_ff:lpm_ff_component|dffs[6]  ; clk        ; clk      ; None                        ; None                      ; 4.358 ns                ;
; N/A                                     ; 110.45 MHz ( period = 9.054 ns )                    ; lpm_counter1:inst2|lpm_counter:lpm_counter_component|cntr_5pi:auto_generated|safe_q[2]           ; cash_line:inst31|lpm_dff3:inst2|lpm_ff:lpm_ff_component|dffs[5]  ; clk        ; clk      ; None                        ; None                      ; 4.358 ns                ;
; N/A                                     ; 110.45 MHz ( period = 9.054 ns )                    ; lpm_counter1:inst2|lpm_counter:lpm_counter_component|cntr_5pi:auto_generated|safe_q[2]           ; cash_line:inst31|lpm_dff3:inst2|lpm_ff:lpm_ff_component|dffs[4]  ; clk        ; clk      ; None                        ; None                      ; 4.358 ns                ;
; N/A                                     ; 110.45 MHz ( period = 9.054 ns )                    ; lpm_counter1:inst2|lpm_counter:lpm_counter_component|cntr_5pi:auto_generated|safe_q[2]           ; cash_line:inst31|lpm_dff3:inst2|lpm_ff:lpm_ff_component|dffs[3]  ; clk        ; clk      ; None                        ; None                      ; 4.358 ns                ;
; N/A                                     ; 110.45 MHz ( period = 9.054 ns )                    ; lpm_counter1:inst2|lpm_counter:lpm_counter_component|cntr_5pi:auto_generated|safe_q[2]           ; cash_line:inst31|lpm_dff3:inst2|lpm_ff:lpm_ff_component|dffs[2]  ; clk        ; clk      ; None                        ; None                      ; 4.358 ns                ;
; N/A                                     ; 110.45 MHz ( period = 9.054 ns )                    ; lpm_counter1:inst2|lpm_counter:lpm_counter_component|cntr_5pi:auto_generated|safe_q[2]           ; cash_line:inst31|lpm_dff3:inst2|lpm_ff:lpm_ff_component|dffs[1]  ; clk        ; clk      ; None                        ; None                      ; 4.358 ns                ;
; N/A                                     ; 110.50 MHz ( period = 9.050 ns )                    ; lpm_counter1:inst1|lpm_counter:lpm_counter_component|cntr_5pi:auto_generated|safe_q[2]           ; cash_line:inst33|lpm_dff3:inst3|lpm_ff:lpm_ff_component|dffs[11] ; clk        ; clk      ; None                        ; None                      ; 4.351 ns                ;
; N/A                                     ; 110.50 MHz ( period = 9.050 ns )                    ; lpm_counter1:inst1|lpm_counter:lpm_counter_component|cntr_5pi:auto_generated|safe_q[2]           ; cash_line:inst33|lpm_dff3:inst3|lpm_ff:lpm_ff_component|dffs[6]  ; clk        ; clk      ; None                        ; None                      ; 4.351 ns                ;
; N/A                                     ; 110.55 MHz ( period = 9.046 ns )                    ; lpm_counter1:inst1|lpm_counter:lpm_counter_component|cntr_5pi:auto_generated|safe_q[2]           ; cash_line:inst33|lpm_dff3:inst1|lpm_ff:lpm_ff_component|dffs[11] ; clk        ; clk      ; None                        ; None                      ; 4.349 ns                ;
; N/A                                     ; 110.57 MHz ( period = 9.044 ns )                    ; lpm_counter1:inst3|lpm_counter:lpm_counter_component|cntr_5pi:auto_generated|safe_q[3]~DUPLICATE ; cash_line:inst34|lpm_dff3:inst1|lpm_ff:lpm_ff_component|dffs[5]  ; clk        ; clk      ; None                        ; None                      ; 4.351 ns                ;
; N/A                                     ; 110.57 MHz ( period = 9.044 ns )                    ; lpm_counter1:inst3|lpm_counter:lpm_counter_component|cntr_5pi:auto_generated|safe_q[3]~DUPLICATE ; cash_line:inst34|lpm_dff3:inst1|lpm_ff:lpm_ff_component|dffs[4]  ; clk        ; clk      ; None                        ; None                      ; 4.351 ns                ;
; N/A                                     ; 110.57 MHz ( period = 9.044 ns )                    ; lpm_counter1:inst3|lpm_counter:lpm_counter_component|cntr_5pi:auto_generated|safe_q[3]~DUPLICATE ; cash_line:inst34|lpm_dff3:inst1|lpm_ff:lpm_ff_component|dffs[2]  ; clk        ; clk      ; None                        ; None                      ; 4.351 ns                ;
; N/A                                     ; 110.64 MHz ( period = 9.038 ns )                    ; lpm_counter1:inst3|lpm_counter:lpm_counter_component|cntr_5pi:auto_generated|safe_q[3]           ; cash_line:inst34|lpm_dff3:inst1|lpm_ff:lpm_ff_component|dffs[3]  ; clk        ; clk      ; None                        ; None                      ; 4.332 ns                ;
; N/A                                     ; 110.64 MHz ( period = 9.038 ns )                    ; lpm_counter1:inst3|lpm_counter:lpm_counter_component|cntr_5pi:auto_generated|safe_q[3]           ; cash_line:inst34|lpm_dff3:inst1|lpm_ff:lpm_ff_component|dffs[1]  ; clk        ; clk      ; None                        ; None                      ; 4.332 ns                ;
; N/A                                     ; 110.64 MHz ( period = 9.038 ns )                    ; lpm_counter1:inst3|lpm_counter:lpm_counter_component|cntr_5pi:auto_generated|safe_q[3]           ; cash_line:inst34|lpm_dff3:inst1|lpm_ff:lpm_ff_component|dffs[0]  ; clk        ; clk      ; None                        ; None                      ; 4.332 ns                ;
; N/A                                     ; 110.67 MHz ( period = 9.036 ns )                    ; lpm_counter1:inst|lpm_counter:lpm_counter_component|cntr_5pi:auto_generated|safe_q[3]~DUPLICATE  ; cash_line:inst33|lpm_dff2:inst|lpm_ff:lpm_ff_component|dffs[1]   ; clk        ; clk      ; None                        ; None                      ; 4.340 ns                ;
; N/A                                     ; 110.67 MHz ( period = 9.036 ns )                    ; lpm_counter1:inst|lpm_counter:lpm_counter_component|cntr_5pi:auto_generated|safe_q[3]~DUPLICATE  ; cash_line:inst33|lpm_dff2:inst|lpm_ff:lpm_ff_component|dffs[0]   ; clk        ; clk      ; None                        ; None                      ; 4.340 ns                ;
; N/A                                     ; 110.67 MHz ( period = 9.036 ns )                    ; lpm_counter1:inst|lpm_counter:lpm_counter_component|cntr_5pi:auto_generated|safe_q[3]~DUPLICATE  ; cash_line:inst33|lpm_dff2:inst|lpm_ff:lpm_ff_component|dffs[3]   ; clk        ; clk      ; None                        ; None                      ; 4.340 ns                ;
; N/A                                     ; 110.69 MHz ( period = 9.034 ns )                    ; lpm_counter1:inst3|lpm_counter:lpm_counter_component|cntr_5pi:auto_generated|safe_q[3]~DUPLICATE ; cash_line:inst31|lpm_dff3:inst2|lpm_ff:lpm_ff_component|dffs[0]  ; clk        ; clk      ; None                        ; None                      ; 4.346 ns                ;
; N/A                                     ; 110.77 MHz ( period = 9.028 ns )                    ; lpm_counter1:inst2|lpm_counter:lpm_counter_component|cntr_5pi:auto_generated|safe_q[2]           ; cash_line:inst33|lpm_dff3:inst2|lpm_ff:lpm_ff_component|dffs[0]  ; clk        ; clk      ; None                        ; None                      ; 4.343 ns                ;
; N/A                                     ; 110.82 MHz ( period = 9.024 ns )                    ; lpm_counter1:inst1|lpm_counter:lpm_counter_component|cntr_5pi:auto_generated|safe_q[2]           ; cash_line:inst33|lpm_dff3:inst1|lpm_ff:lpm_ff_component|dffs[9]  ; clk        ; clk      ; None                        ; None                      ; 4.351 ns                ;
; N/A                                     ; 110.82 MHz ( period = 9.024 ns )                    ; lpm_counter1:inst1|lpm_counter:lpm_counter_component|cntr_5pi:auto_generated|safe_q[2]           ; cash_line:inst33|lpm_dff3:inst1|lpm_ff:lpm_ff_component|dffs[5]  ; clk        ; clk      ; None                        ; None                      ; 4.351 ns                ;
; N/A                                     ; 110.82 MHz ( period = 9.024 ns )                    ; lpm_counter1:inst1|lpm_counter:lpm_counter_component|cntr_5pi:auto_generated|safe_q[2]           ; cash_line:inst33|lpm_dff3:inst3|lpm_ff:lpm_ff_component|dffs[4]  ; clk        ; clk      ; None                        ; None                      ; 4.335 ns                ;
; N/A                                     ; 110.82 MHz ( period = 9.024 ns )                    ; lpm_counter1:inst1|lpm_counter:lpm_counter_component|cntr_5pi:auto_generated|safe_q[2]           ; cash_line:inst33|lpm_dff3:inst3|lpm_ff:lpm_ff_component|dffs[3]  ; clk        ; clk      ; None                        ; None                      ; 4.335 ns                ;
; N/A                                     ; 110.82 MHz ( period = 9.024 ns )                    ; lpm_counter1:inst1|lpm_counter:lpm_counter_component|cntr_5pi:auto_generated|safe_q[2]           ; cash_line:inst33|lpm_dff3:inst3|lpm_ff:lpm_ff_component|dffs[2]  ; clk        ; clk      ; None                        ; None                      ; 4.335 ns                ;
; N/A                                     ; 110.82 MHz ( period = 9.024 ns )                    ; lpm_counter1:inst1|lpm_counter:lpm_counter_component|cntr_5pi:auto_generated|safe_q[2]           ; cash_line:inst33|lpm_dff3:inst3|lpm_ff:lpm_ff_component|dffs[1]  ; clk        ; clk      ; None                        ; None                      ; 4.335 ns                ;
; N/A                                     ; 110.82 MHz ( period = 9.024 ns )                    ; lpm_counter1:inst1|lpm_counter:lpm_counter_component|cntr_5pi:auto_generated|safe_q[2]           ; cash_line:inst33|lpm_dff3:inst3|lpm_ff:lpm_ff_component|dffs[0]  ; clk        ; clk      ; None                        ; None                      ; 4.335 ns                ;
; N/A                                     ; 110.89 MHz ( period = 9.018 ns )                    ; lpm_counter1:inst3|lpm_counter:lpm_counter_component|cntr_5pi:auto_generated|safe_q[3]~DUPLICATE ; cash_line:inst34|lpm_dff3:inst3|lpm_ff:lpm_ff_component|dffs[7]  ; clk        ; clk      ; None                        ; None                      ; 4.325 ns                ;
; N/A                                     ; 110.89 MHz ( period = 9.018 ns )                    ; lpm_counter1:inst3|lpm_counter:lpm_counter_component|cntr_5pi:auto_generated|safe_q[3]~DUPLICATE ; cash_line:inst34|lpm_dff3:inst3|lpm_ff:lpm_ff_component|dffs[5]  ; clk        ; clk      ; None                        ; None                      ; 4.325 ns                ;
; N/A                                     ; 110.89 MHz ( period = 9.018 ns )                    ; lpm_counter1:inst1|lpm_counter:lpm_counter_component|cntr_5pi:auto_generated|safe_q[2]           ; cash_line:inst33|lpm_dff3:inst4|lpm_ff:lpm_ff_component|dffs[1]  ; clk        ; clk      ; None                        ; None                      ; 4.336 ns                ;
; N/A                                     ; 110.89 MHz ( period = 9.018 ns )                    ; lpm_counter1:inst1|lpm_counter:lpm_counter_component|cntr_5pi:auto_generated|safe_q[2]           ; cash_line:inst33|lpm_dff3:inst4|lpm_ff:lpm_ff_component|dffs[0]  ; clk        ; clk      ; None                        ; None                      ; 4.336 ns                ;
; N/A                                     ; 111.04 MHz ( period = 9.006 ns )                    ; lpm_counter1:inst3|lpm_counter:lpm_counter_component|cntr_5pi:auto_generated|safe_q[3]           ; cash_line:inst34|lpm_dff3:inst3|lpm_ff:lpm_ff_component|dffs[8]  ; clk        ; clk      ; None                        ; None                      ; 4.317 ns                ;
; N/A                                     ; 111.04 MHz ( period = 9.006 ns )                    ; lpm_counter1:inst3|lpm_counter:lpm_counter_component|cntr_5pi:auto_generated|safe_q[3]           ; cash_line:inst34|lpm_dff3:inst3|lpm_ff:lpm_ff_component|dffs[4]  ; clk        ; clk      ; None                        ; None                      ; 4.317 ns                ;
; N/A                                     ; 111.04 MHz ( period = 9.006 ns )                    ; lpm_counter1:inst3|lpm_counter:lpm_counter_component|cntr_5pi:auto_generated|safe_q[3]           ; cash_line:inst34|lpm_dff3:inst3|lpm_ff:lpm_ff_component|dffs[3]  ; clk        ; clk      ; None                        ; None                      ; 4.317 ns                ;
; N/A                                     ; 111.04 MHz ( period = 9.006 ns )                    ; lpm_counter1:inst3|lpm_counter:lpm_counter_component|cntr_5pi:auto_generated|safe_q[3]           ; cash_line:inst34|lpm_dff3:inst3|lpm_ff:lpm_ff_component|dffs[2]  ; clk        ; clk      ; None                        ; None                      ; 4.317 ns                ;
; N/A                                     ; 111.04 MHz ( period = 9.006 ns )                    ; lpm_counter1:inst3|lpm_counter:lpm_counter_component|cntr_5pi:auto_generated|safe_q[3]           ; cash_line:inst34|lpm_dff3:inst3|lpm_ff:lpm_ff_component|dffs[1]  ; clk        ; clk      ; None                        ; None                      ; 4.317 ns                ;
; N/A                                     ; 111.04 MHz ( period = 9.006 ns )                    ; lpm_counter1:inst3|lpm_counter:lpm_counter_component|cntr_5pi:auto_generated|safe_q[3]           ; cash_line:inst34|lpm_dff3:inst3|lpm_ff:lpm_ff_component|dffs[0]  ; clk        ; clk      ; None                        ; None                      ; 4.317 ns                ;
; N/A                                     ; 111.06 MHz ( period = 9.004 ns )                    ; lpm_counter1:inst|lpm_counter:lpm_counter_component|cntr_5pi:auto_generated|safe_q[3]~DUPLICATE  ; cash_line:inst33|lpm_dff3:inst3|lpm_ff:lpm_ff_component|dffs[11] ; clk        ; clk      ; None                        ; None                      ; 4.326 ns                ;
; N/A                                     ; 111.06 MHz ( period = 9.004 ns )                    ; lpm_counter1:inst|lpm_counter:lpm_counter_component|cntr_5pi:auto_generated|safe_q[3]~DUPLICATE  ; cash_line:inst33|lpm_dff3:inst3|lpm_ff:lpm_ff_component|dffs[6]  ; clk        ; clk      ; None                        ; None                      ; 4.326 ns                ;
; N/A                                     ; 111.09 MHz ( period = 9.002 ns )                    ; lpm_counter1:inst2|lpm_counter:lpm_counter_component|cntr_5pi:auto_generated|safe_q[2]           ; cash_line:inst34|lpm_dff3:inst1|lpm_ff:lpm_ff_component|dffs[5]  ; clk        ; clk      ; None                        ; None                      ; 4.330 ns                ;
; N/A                                     ; 111.09 MHz ( period = 9.002 ns )                    ; lpm_counter1:inst2|lpm_counter:lpm_counter_component|cntr_5pi:auto_generated|safe_q[2]           ; cash_line:inst34|lpm_dff3:inst1|lpm_ff:lpm_ff_component|dffs[4]  ; clk        ; clk      ; None                        ; None                      ; 4.330 ns                ;
; N/A                                     ; 111.09 MHz ( period = 9.002 ns )                    ; lpm_counter1:inst2|lpm_counter:lpm_counter_component|cntr_5pi:auto_generated|safe_q[2]           ; cash_line:inst34|lpm_dff3:inst1|lpm_ff:lpm_ff_component|dffs[2]  ; clk        ; clk      ; None                        ; None                      ; 4.330 ns                ;
; N/A                                     ; 111.11 MHz ( period = 9.000 ns )                    ; lpm_counter1:inst|lpm_counter:lpm_counter_component|cntr_5pi:auto_generated|safe_q[3]~DUPLICATE  ; cash_line:inst33|lpm_dff3:inst1|lpm_ff:lpm_ff_component|dffs[11] ; clk        ; clk      ; None                        ; None                      ; 4.324 ns                ;
; N/A                                     ; 111.16 MHz ( period = 8.996 ns )                    ; lpm_counter1:inst1|lpm_counter:lpm_counter_component|cntr_5pi:auto_generated|safe_q[2]           ; cash_line:inst33|lpm_dff3:inst1|lpm_ff:lpm_ff_component|dffs[3]  ; clk        ; clk      ; None                        ; None                      ; 4.321 ns                ;
; N/A                                     ; 111.16 MHz ( period = 8.996 ns )                    ; lpm_counter1:inst1|lpm_counter:lpm_counter_component|cntr_5pi:auto_generated|safe_q[2]           ; cash_line:inst33|lpm_dff3:inst1|lpm_ff:lpm_ff_component|dffs[1]  ; clk        ; clk      ; None                        ; None                      ; 4.321 ns                ;
; N/A                                     ; 111.26 MHz ( period = 8.988 ns )                    ; lpm_counter1:inst3|lpm_counter:lpm_counter_component|cntr_5pi:auto_generated|safe_q[3]           ; cash_line:inst31|lpm_dff3:inst1|lpm_ff:lpm_ff_component|dffs[10] ; clk        ; clk      ; None                        ; None                      ; 4.323 ns                ;
; N/A                                     ; 111.26 MHz ( period = 8.988 ns )                    ; lpm_counter1:inst3|lpm_counter:lpm_counter_component|cntr_5pi:auto_generated|safe_q[3]           ; cash_line:inst31|lpm_dff3:inst1|lpm_ff:lpm_ff_component|dffs[9]  ; clk        ; clk      ; None                        ; None                      ; 4.323 ns                ;
; N/A                                     ; 111.26 MHz ( period = 8.988 ns )                    ; lpm_counter1:inst3|lpm_counter:lpm_counter_component|cntr_5pi:auto_generated|safe_q[3]           ; cash_line:inst31|lpm_dff3:inst1|lpm_ff:lpm_ff_component|dffs[5]  ; clk        ; clk      ; None                        ; None                      ; 4.323 ns                ;
; N/A                                     ; 111.33 MHz ( period = 8.982 ns )                    ; lpm_counter1:inst3|lpm_counter:lpm_counter_component|cntr_5pi:auto_generated|safe_q[3]~DUPLICATE ; cash_line:inst34|lpm_dff3:inst2|lpm_ff:lpm_ff_component|dffs[2]  ; clk        ; clk      ; None                        ; None                      ; 4.320 ns                ;
; N/A                                     ; 111.33 MHz ( period = 8.982 ns )                    ; lpm_counter1:inst1|lpm_counter:lpm_counter_component|cntr_5pi:auto_generated|safe_q[2]           ; cash_line:inst31|lpm_dff3:inst3|lpm_ff:lpm_ff_component|dffs[1]  ; clk        ; clk      ; None                        ; None                      ; 4.315 ns                ;
; N/A                                     ; 111.33 MHz ( period = 8.982 ns )                    ; lpm_counter1:inst3|lpm_counter:lpm_counter_component|cntr_5pi:auto_generated|safe_q[3]~DUPLICATE ; cash_line:inst34|lpm_dff3:inst2|lpm_ff:lpm_ff_component|dffs[1]  ; clk        ; clk      ; None                        ; None                      ; 4.320 ns                ;
; N/A                                     ; 111.33 MHz ( period = 8.982 ns )                    ; lpm_counter1:inst1|lpm_counter:lpm_counter_component|cntr_5pi:auto_generated|safe_q[2]           ; cash_line:inst31|lpm_dff3:inst3|lpm_ff:lpm_ff_component|dffs[0]  ; clk        ; clk      ; None                        ; None                      ; 4.315 ns                ;
; N/A                                     ; 111.33 MHz ( period = 8.982 ns )                    ; lpm_counter1:inst3|lpm_counter:lpm_counter_component|cntr_5pi:auto_generated|safe_q[3]~DUPLICATE ; cash_line:inst34|lpm_dff3:inst2|lpm_ff:lpm_ff_component|dffs[0]  ; clk        ; clk      ; None                        ; None                      ; 4.320 ns                ;
; N/A                                     ; 111.38 MHz ( period = 8.978 ns )                    ; lpm_counter1:inst|lpm_counter:lpm_counter_component|cntr_5pi:auto_generated|safe_q[3]~DUPLICATE  ; cash_line:inst33|lpm_dff3:inst1|lpm_ff:lpm_ff_component|dffs[9]  ; clk        ; clk      ; None                        ; None                      ; 4.326 ns                ;
; N/A                                     ; 111.38 MHz ( period = 8.978 ns )                    ; lpm_counter1:inst|lpm_counter:lpm_counter_component|cntr_5pi:auto_generated|safe_q[3]~DUPLICATE  ; cash_line:inst33|lpm_dff3:inst1|lpm_ff:lpm_ff_component|dffs[5]  ; clk        ; clk      ; None                        ; None                      ; 4.326 ns                ;
; N/A                                     ; 111.38 MHz ( period = 8.978 ns )                    ; lpm_counter1:inst|lpm_counter:lpm_counter_component|cntr_5pi:auto_generated|safe_q[3]~DUPLICATE  ; cash_line:inst33|lpm_dff3:inst3|lpm_ff:lpm_ff_component|dffs[4]  ; clk        ; clk      ; None                        ; None                      ; 4.310 ns                ;
; N/A                                     ; 111.38 MHz ( period = 8.978 ns )                    ; lpm_counter1:inst|lpm_counter:lpm_counter_component|cntr_5pi:auto_generated|safe_q[3]~DUPLICATE  ; cash_line:inst33|lpm_dff3:inst3|lpm_ff:lpm_ff_component|dffs[3]  ; clk        ; clk      ; None                        ; None                      ; 4.310 ns                ;
; N/A                                     ; 111.38 MHz ( period = 8.978 ns )                    ; lpm_counter1:inst|lpm_counter:lpm_counter_component|cntr_5pi:auto_generated|safe_q[3]~DUPLICATE  ; cash_line:inst33|lpm_dff3:inst3|lpm_ff:lpm_ff_component|dffs[2]  ; clk        ; clk      ; None                        ; None                      ; 4.310 ns                ;
; N/A                                     ; 111.38 MHz ( period = 8.978 ns )                    ; lpm_counter1:inst|lpm_counter:lpm_counter_component|cntr_5pi:auto_generated|safe_q[3]~DUPLICATE  ; cash_line:inst33|lpm_dff3:inst3|lpm_ff:lpm_ff_component|dffs[1]  ; clk        ; clk      ; None                        ; None                      ; 4.310 ns                ;
; N/A                                     ; 111.38 MHz ( period = 8.978 ns )                    ; lpm_counter1:inst|lpm_counter:lpm_counter_component|cntr_5pi:auto_generated|safe_q[3]~DUPLICATE  ; cash_line:inst33|lpm_dff3:inst3|lpm_ff:lpm_ff_component|dffs[0]  ; clk        ; clk      ; None                        ; None                      ; 4.310 ns                ;
; N/A                                     ; 111.41 MHz ( period = 8.976 ns )                    ; lpm_counter1:inst2|lpm_counter:lpm_counter_component|cntr_5pi:auto_generated|safe_q[2]           ; cash_line:inst34|lpm_dff3:inst3|lpm_ff:lpm_ff_component|dffs[7]  ; clk        ; clk      ; None                        ; None                      ; 4.304 ns                ;
; N/A                                     ; 111.41 MHz ( period = 8.976 ns )                    ; lpm_counter1:inst2|lpm_counter:lpm_counter_component|cntr_5pi:auto_generated|safe_q[2]           ; cash_line:inst34|lpm_dff3:inst3|lpm_ff:lpm_ff_component|dffs[5]  ; clk        ; clk      ; None                        ; None                      ; 4.304 ns                ;
; N/A                                     ; 111.46 MHz ( period = 8.972 ns )                    ; lpm_counter1:inst|lpm_counter:lpm_counter_component|cntr_5pi:auto_generated|safe_q[3]~DUPLICATE  ; cash_line:inst33|lpm_dff3:inst4|lpm_ff:lpm_ff_component|dffs[1]  ; clk        ; clk      ; None                        ; None                      ; 4.311 ns                ;
; N/A                                     ; 111.46 MHz ( period = 8.972 ns )                    ; lpm_counter1:inst|lpm_counter:lpm_counter_component|cntr_5pi:auto_generated|safe_q[3]~DUPLICATE  ; cash_line:inst33|lpm_dff3:inst4|lpm_ff:lpm_ff_component|dffs[0]  ; clk        ; clk      ; None                        ; None                      ; 4.311 ns                ;
; N/A                                     ; 111.58 MHz ( period = 8.962 ns )                    ; lpm_counter1:inst1|lpm_counter:lpm_counter_component|cntr_5pi:auto_generated|safe_q[2]           ; cash_line:inst31|lpm_dff3:inst2|lpm_ff:lpm_ff_component|dffs[12] ; clk        ; clk      ; None                        ; None                      ; 4.322 ns                ;
; N/A                                     ; 111.58 MHz ( period = 8.962 ns )                    ; lpm_counter1:inst1|lpm_counter:lpm_counter_component|cntr_5pi:auto_generated|safe_q[2]           ; cash_line:inst31|lpm_dff3:inst2|lpm_ff:lpm_ff_component|dffs[11] ; clk        ; clk      ; None                        ; None                      ; 4.322 ns                ;
; N/A                                     ; 111.58 MHz ( period = 8.962 ns )                    ; lpm_counter1:inst1|lpm_counter:lpm_counter_component|cntr_5pi:auto_generated|safe_q[2]           ; cash_line:inst31|lpm_dff3:inst2|lpm_ff:lpm_ff_component|dffs[10] ; clk        ; clk      ; None                        ; None                      ; 4.322 ns                ;
; N/A                                     ; 111.58 MHz ( period = 8.962 ns )                    ; lpm_counter1:inst1|lpm_counter:lpm_counter_component|cntr_5pi:auto_generated|safe_q[2]           ; cash_line:inst31|lpm_dff3:inst2|lpm_ff:lpm_ff_component|dffs[9]  ; clk        ; clk      ; None                        ; None                      ; 4.322 ns                ;
; N/A                                     ; 111.58 MHz ( period = 8.962 ns )                    ; lpm_counter1:inst1|lpm_counter:lpm_counter_component|cntr_5pi:auto_generated|safe_q[2]           ; cash_line:inst31|lpm_dff3:inst2|lpm_ff:lpm_ff_component|dffs[8]  ; clk        ; clk      ; None                        ; None                      ; 4.322 ns                ;
; N/A                                     ; 111.58 MHz ( period = 8.962 ns )                    ; lpm_counter1:inst1|lpm_counter:lpm_counter_component|cntr_5pi:auto_generated|safe_q[2]           ; cash_line:inst31|lpm_dff3:inst2|lpm_ff:lpm_ff_component|dffs[7]  ; clk        ; clk      ; None                        ; None                      ; 4.322 ns                ;
; N/A                                     ; 111.58 MHz ( period = 8.962 ns )                    ; lpm_counter1:inst1|lpm_counter:lpm_counter_component|cntr_5pi:auto_generated|safe_q[2]           ; cash_line:inst31|lpm_dff3:inst2|lpm_ff:lpm_ff_component|dffs[6]  ; clk        ; clk      ; None                        ; None                      ; 4.322 ns                ;
; N/A                                     ; 111.58 MHz ( period = 8.962 ns )                    ; lpm_counter1:inst1|lpm_counter:lpm_counter_component|cntr_5pi:auto_generated|safe_q[2]           ; cash_line:inst31|lpm_dff3:inst2|lpm_ff:lpm_ff_component|dffs[5]  ; clk        ; clk      ; None                        ; None                      ; 4.322 ns                ;
; N/A                                     ; 111.58 MHz ( period = 8.962 ns )                    ; lpm_counter1:inst1|lpm_counter:lpm_counter_component|cntr_5pi:auto_generated|safe_q[2]           ; cash_line:inst31|lpm_dff3:inst2|lpm_ff:lpm_ff_component|dffs[4]  ; clk        ; clk      ; None                        ; None                      ; 4.322 ns                ;
; N/A                                     ; 111.58 MHz ( period = 8.962 ns )                    ; lpm_counter1:inst1|lpm_counter:lpm_counter_component|cntr_5pi:auto_generated|safe_q[2]           ; cash_line:inst31|lpm_dff3:inst2|lpm_ff:lpm_ff_component|dffs[3]  ; clk        ; clk      ; None                        ; None                      ; 4.322 ns                ;
; N/A                                     ; 111.58 MHz ( period = 8.962 ns )                    ; lpm_counter1:inst1|lpm_counter:lpm_counter_component|cntr_5pi:auto_generated|safe_q[2]           ; cash_line:inst31|lpm_dff3:inst2|lpm_ff:lpm_ff_component|dffs[2]  ; clk        ; clk      ; None                        ; None                      ; 4.322 ns                ;
; N/A                                     ; 111.58 MHz ( period = 8.962 ns )                    ; lpm_counter1:inst1|lpm_counter:lpm_counter_component|cntr_5pi:auto_generated|safe_q[2]           ; cash_line:inst31|lpm_dff3:inst2|lpm_ff:lpm_ff_component|dffs[1]  ; clk        ; clk      ; None                        ; None                      ; 4.322 ns                ;
; N/A                                     ; 111.63 MHz ( period = 8.958 ns )                    ; lpm_counter1:inst3|lpm_counter:lpm_counter_component|cntr_5pi:auto_generated|safe_q[3]~DUPLICATE ; cash_line:inst33|lpm_dff2:inst|lpm_ff:lpm_ff_component|dffs[1]   ; clk        ; clk      ; None                        ; None                      ; 4.293 ns                ;
; N/A                                     ; 111.63 MHz ( period = 8.958 ns )                    ; lpm_counter1:inst3|lpm_counter:lpm_counter_component|cntr_5pi:auto_generated|safe_q[3]~DUPLICATE ; cash_line:inst33|lpm_dff2:inst|lpm_ff:lpm_ff_component|dffs[0]   ; clk        ; clk      ; None                        ; None                      ; 4.293 ns                ;
; N/A                                     ; 111.63 MHz ( period = 8.958 ns )                    ; lpm_counter1:inst3|lpm_counter:lpm_counter_component|cntr_5pi:auto_generated|safe_q[3]~DUPLICATE ; cash_line:inst33|lpm_dff2:inst|lpm_ff:lpm_ff_component|dffs[3]   ; clk        ; clk      ; None                        ; None                      ; 4.293 ns                ;
; N/A                                     ; 111.73 MHz ( period = 8.950 ns )                    ; lpm_counter1:inst|lpm_counter:lpm_counter_component|cntr_5pi:auto_generated|safe_q[3]~DUPLICATE  ; cash_line:inst33|lpm_dff3:inst1|lpm_ff:lpm_ff_component|dffs[3]  ; clk        ; clk      ; None                        ; None                      ; 4.296 ns                ;
; N/A                                     ; 111.73 MHz ( period = 8.950 ns )                    ; lpm_counter1:inst|lpm_counter:lpm_counter_component|cntr_5pi:auto_generated|safe_q[3]~DUPLICATE  ; cash_line:inst33|lpm_dff3:inst1|lpm_ff:lpm_ff_component|dffs[1]  ; clk        ; clk      ; None                        ; None                      ; 4.296 ns                ;
; N/A                                     ; 111.86 MHz ( period = 8.940 ns )                    ; lpm_counter1:inst3|lpm_counter:lpm_counter_component|cntr_5pi:auto_generated|safe_q[3]~DUPLICATE ; cash_line:inst34|lpm_dff3:inst4|lpm_ff:lpm_ff_component|dffs[6]  ; clk        ; clk      ; None                        ; None                      ; 4.286 ns                ;
; N/A                                     ; 111.86 MHz ( period = 8.940 ns )                    ; lpm_counter1:inst3|lpm_counter:lpm_counter_component|cntr_5pi:auto_generated|safe_q[3]~DUPLICATE ; cash_line:inst34|lpm_dff3:inst4|lpm_ff:lpm_ff_component|dffs[5]  ; clk        ; clk      ; None                        ; None                      ; 4.286 ns                ;
; N/A                                     ; 111.86 MHz ( period = 8.940 ns )                    ; lpm_counter1:inst3|lpm_counter:lpm_counter_component|cntr_5pi:auto_generated|safe_q[3]~DUPLICATE ; cash_line:inst34|lpm_dff3:inst4|lpm_ff:lpm_ff_component|dffs[4]  ; clk        ; clk      ; None                        ; None                      ; 4.286 ns                ;
; N/A                                     ; 111.86 MHz ( period = 8.940 ns )                    ; lpm_counter1:inst3|lpm_counter:lpm_counter_component|cntr_5pi:auto_generated|safe_q[3]~DUPLICATE ; cash_line:inst34|lpm_dff3:inst4|lpm_ff:lpm_ff_component|dffs[3]  ; clk        ; clk      ; None                        ; None                      ; 4.286 ns                ;
; N/A                                     ; 111.86 MHz ( period = 8.940 ns )                    ; lpm_counter1:inst2|lpm_counter:lpm_counter_component|cntr_5pi:auto_generated|safe_q[2]           ; cash_line:inst34|lpm_dff3:inst2|lpm_ff:lpm_ff_component|dffs[2]  ; clk        ; clk      ; None                        ; None                      ; 4.299 ns                ;
; N/A                                     ; 111.86 MHz ( period = 8.940 ns )                    ; lpm_counter1:inst3|lpm_counter:lpm_counter_component|cntr_5pi:auto_generated|safe_q[3]~DUPLICATE ; cash_line:inst34|lpm_dff3:inst4|lpm_ff:lpm_ff_component|dffs[2]  ; clk        ; clk      ; None                        ; None                      ; 4.286 ns                ;
; N/A                                     ; 111.86 MHz ( period = 8.940 ns )                    ; lpm_counter1:inst2|lpm_counter:lpm_counter_component|cntr_5pi:auto_generated|safe_q[2]           ; cash_line:inst34|lpm_dff3:inst2|lpm_ff:lpm_ff_component|dffs[1]  ; clk        ; clk      ; None                        ; None                      ; 4.299 ns                ;
; N/A                                     ; 111.86 MHz ( period = 8.940 ns )                    ; lpm_counter1:inst3|lpm_counter:lpm_counter_component|cntr_5pi:auto_generated|safe_q[3]~DUPLICATE ; cash_line:inst34|lpm_dff3:inst4|lpm_ff:lpm_ff_component|dffs[1]  ; clk        ; clk      ; None                        ; None                      ; 4.286 ns                ;
; N/A                                     ; 111.86 MHz ( period = 8.940 ns )                    ; lpm_counter1:inst2|lpm_counter:lpm_counter_component|cntr_5pi:auto_generated|safe_q[2]           ; cash_line:inst34|lpm_dff3:inst2|lpm_ff:lpm_ff_component|dffs[0]  ; clk        ; clk      ; None                        ; None                      ; 4.299 ns                ;
; Timing analysis restricted to 200 rows. ; To change the limit use Settings (Assignments menu) ;                                                                                                  ;                                                                  ;            ;          ;                             ;                           ;                         ;
+-----------------------------------------+-----------------------------------------------------+--------------------------------------------------------------------------------------------------+------------------------------------------------------------------+------------+----------+-----------------------------+---------------------------+-------------------------+


+---------------------------------------------------------------------------------------------------------------------------------------------------------------------------------------------------+
; tsu                                                                                                                                                                                               ;
+-----------------------------------------+-----------------------------------------------------+------------+--------+------------------------------------------------------------------+----------+
; Slack                                   ; Required tsu                                        ; Actual tsu ; From   ; To                                                               ; To Clock ;
+-----------------------------------------+-----------------------------------------------------+------------+--------+------------------------------------------------------------------+----------+
; N/A                                     ; None                                                ; 8.250 ns   ; Tag[1] ; cash_line:inst34|lpm_dff3:inst3|lpm_ff:lpm_ff_component|dffs[7]  ; clk      ;
; N/A                                     ; None                                                ; 8.250 ns   ; Tag[1] ; cash_line:inst34|lpm_dff3:inst3|lpm_ff:lpm_ff_component|dffs[5]  ; clk      ;
; N/A                                     ; None                                                ; 8.176 ns   ; Tag[1] ; cash_line:inst34|lpm_dff3:inst3|lpm_ff:lpm_ff_component|dffs[8]  ; clk      ;
; N/A                                     ; None                                                ; 8.176 ns   ; Tag[1] ; cash_line:inst34|lpm_dff3:inst3|lpm_ff:lpm_ff_component|dffs[4]  ; clk      ;
; N/A                                     ; None                                                ; 8.176 ns   ; Tag[1] ; cash_line:inst34|lpm_dff3:inst3|lpm_ff:lpm_ff_component|dffs[3]  ; clk      ;
; N/A                                     ; None                                                ; 8.176 ns   ; Tag[1] ; cash_line:inst34|lpm_dff3:inst3|lpm_ff:lpm_ff_component|dffs[2]  ; clk      ;
; N/A                                     ; None                                                ; 8.176 ns   ; Tag[1] ; cash_line:inst34|lpm_dff3:inst3|lpm_ff:lpm_ff_component|dffs[1]  ; clk      ;
; N/A                                     ; None                                                ; 8.176 ns   ; Tag[1] ; cash_line:inst34|lpm_dff3:inst3|lpm_ff:lpm_ff_component|dffs[0]  ; clk      ;
; N/A                                     ; None                                                ; 8.133 ns   ; Tag[1] ; cash_line:inst34|lpm_dff3:inst1|lpm_ff:lpm_ff_component|dffs[5]  ; clk      ;
; N/A                                     ; None                                                ; 8.133 ns   ; Tag[1] ; cash_line:inst34|lpm_dff3:inst1|lpm_ff:lpm_ff_component|dffs[4]  ; clk      ;
; N/A                                     ; None                                                ; 8.133 ns   ; Tag[1] ; cash_line:inst34|lpm_dff3:inst1|lpm_ff:lpm_ff_component|dffs[2]  ; clk      ;
; N/A                                     ; None                                                ; 8.087 ns   ; Tag[1] ; cash_line:inst34|lpm_dff3:inst3|lpm_ff:lpm_ff_component|dffs[11] ; clk      ;
; N/A                                     ; None                                                ; 8.087 ns   ; Tag[1] ; cash_line:inst34|lpm_dff3:inst3|lpm_ff:lpm_ff_component|dffs[10] ; clk      ;
; N/A                                     ; None                                                ; 8.087 ns   ; Tag[1] ; cash_line:inst34|lpm_dff3:inst3|lpm_ff:lpm_ff_component|dffs[9]  ; clk      ;
; N/A                                     ; None                                                ; 8.087 ns   ; Tag[1] ; cash_line:inst34|lpm_dff3:inst3|lpm_ff:lpm_ff_component|dffs[6]  ; clk      ;
; N/A                                     ; None                                                ; 8.079 ns   ; Tag[1] ; cash_line:inst34|lpm_dff3:inst4|lpm_ff:lpm_ff_component|dffs[12] ; clk      ;
; N/A                                     ; None                                                ; 8.079 ns   ; Tag[1] ; cash_line:inst34|lpm_dff3:inst4|lpm_ff:lpm_ff_component|dffs[11] ; clk      ;
; N/A                                     ; None                                                ; 8.079 ns   ; Tag[1] ; cash_line:inst34|lpm_dff3:inst4|lpm_ff:lpm_ff_component|dffs[10] ; clk      ;
; N/A                                     ; None                                                ; 8.079 ns   ; Tag[1] ; cash_line:inst34|lpm_dff3:inst4|lpm_ff:lpm_ff_component|dffs[9]  ; clk      ;
; N/A                                     ; None                                                ; 8.079 ns   ; Tag[1] ; cash_line:inst34|lpm_dff3:inst4|lpm_ff:lpm_ff_component|dffs[8]  ; clk      ;
; N/A                                     ; None                                                ; 8.079 ns   ; Tag[1] ; cash_line:inst34|lpm_dff3:inst4|lpm_ff:lpm_ff_component|dffs[7]  ; clk      ;
; N/A                                     ; None                                                ; 8.079 ns   ; Tag[1] ; cash_line:inst34|lpm_dff3:inst4|lpm_ff:lpm_ff_component|dffs[6]  ; clk      ;
; N/A                                     ; None                                                ; 8.079 ns   ; Tag[1] ; cash_line:inst34|lpm_dff3:inst4|lpm_ff:lpm_ff_component|dffs[5]  ; clk      ;
; N/A                                     ; None                                                ; 8.079 ns   ; Tag[1] ; cash_line:inst34|lpm_dff3:inst4|lpm_ff:lpm_ff_component|dffs[4]  ; clk      ;
; N/A                                     ; None                                                ; 8.079 ns   ; Tag[1] ; cash_line:inst34|lpm_dff3:inst4|lpm_ff:lpm_ff_component|dffs[3]  ; clk      ;
; N/A                                     ; None                                                ; 8.079 ns   ; Tag[1] ; cash_line:inst34|lpm_dff3:inst4|lpm_ff:lpm_ff_component|dffs[2]  ; clk      ;
; N/A                                     ; None                                                ; 8.079 ns   ; Tag[1] ; cash_line:inst34|lpm_dff3:inst4|lpm_ff:lpm_ff_component|dffs[1]  ; clk      ;
; N/A                                     ; None                                                ; 8.079 ns   ; Tag[1] ; cash_line:inst34|lpm_dff3:inst4|lpm_ff:lpm_ff_component|dffs[0]  ; clk      ;
; N/A                                     ; None                                                ; 8.063 ns   ; Tag[3] ; cash_line:inst34|lpm_dff3:inst3|lpm_ff:lpm_ff_component|dffs[7]  ; clk      ;
; N/A                                     ; None                                                ; 8.063 ns   ; Tag[3] ; cash_line:inst34|lpm_dff3:inst3|lpm_ff:lpm_ff_component|dffs[5]  ; clk      ;
; N/A                                     ; None                                                ; 8.062 ns   ; Tag[1] ; cash_line:inst34|lpm_dff3:inst1|lpm_ff:lpm_ff_component|dffs[3]  ; clk      ;
; N/A                                     ; None                                                ; 8.062 ns   ; Tag[1] ; cash_line:inst34|lpm_dff3:inst1|lpm_ff:lpm_ff_component|dffs[1]  ; clk      ;
; N/A                                     ; None                                                ; 8.062 ns   ; Tag[1] ; cash_line:inst34|lpm_dff3:inst1|lpm_ff:lpm_ff_component|dffs[0]  ; clk      ;
; N/A                                     ; None                                                ; 8.040 ns   ; Tag[0] ; cash_line:inst34|lpm_dff3:inst3|lpm_ff:lpm_ff_component|dffs[7]  ; clk      ;
; N/A                                     ; None                                                ; 8.040 ns   ; Tag[0] ; cash_line:inst34|lpm_dff3:inst3|lpm_ff:lpm_ff_component|dffs[5]  ; clk      ;
; N/A                                     ; None                                                ; 8.001 ns   ; Tag[1] ; cash_line:inst34|lpm_dff3:inst3|lpm_ff:lpm_ff_component|dffs[12] ; clk      ;
; N/A                                     ; None                                                ; 7.989 ns   ; Tag[3] ; cash_line:inst34|lpm_dff3:inst3|lpm_ff:lpm_ff_component|dffs[8]  ; clk      ;
; N/A                                     ; None                                                ; 7.989 ns   ; Tag[3] ; cash_line:inst34|lpm_dff3:inst3|lpm_ff:lpm_ff_component|dffs[4]  ; clk      ;
; N/A                                     ; None                                                ; 7.989 ns   ; Tag[3] ; cash_line:inst34|lpm_dff3:inst3|lpm_ff:lpm_ff_component|dffs[3]  ; clk      ;
; N/A                                     ; None                                                ; 7.989 ns   ; Tag[3] ; cash_line:inst34|lpm_dff3:inst3|lpm_ff:lpm_ff_component|dffs[2]  ; clk      ;
; N/A                                     ; None                                                ; 7.989 ns   ; Tag[3] ; cash_line:inst34|lpm_dff3:inst3|lpm_ff:lpm_ff_component|dffs[1]  ; clk      ;
; N/A                                     ; None                                                ; 7.989 ns   ; Tag[3] ; cash_line:inst34|lpm_dff3:inst3|lpm_ff:lpm_ff_component|dffs[0]  ; clk      ;
; N/A                                     ; None                                                ; 7.966 ns   ; Tag[0] ; cash_line:inst34|lpm_dff3:inst3|lpm_ff:lpm_ff_component|dffs[8]  ; clk      ;
; N/A                                     ; None                                                ; 7.966 ns   ; Tag[0] ; cash_line:inst34|lpm_dff3:inst3|lpm_ff:lpm_ff_component|dffs[4]  ; clk      ;
; N/A                                     ; None                                                ; 7.966 ns   ; Tag[0] ; cash_line:inst34|lpm_dff3:inst3|lpm_ff:lpm_ff_component|dffs[3]  ; clk      ;
; N/A                                     ; None                                                ; 7.966 ns   ; Tag[0] ; cash_line:inst34|lpm_dff3:inst3|lpm_ff:lpm_ff_component|dffs[2]  ; clk      ;
; N/A                                     ; None                                                ; 7.966 ns   ; Tag[0] ; cash_line:inst34|lpm_dff3:inst3|lpm_ff:lpm_ff_component|dffs[1]  ; clk      ;
; N/A                                     ; None                                                ; 7.966 ns   ; Tag[0] ; cash_line:inst34|lpm_dff3:inst3|lpm_ff:lpm_ff_component|dffs[0]  ; clk      ;
; N/A                                     ; None                                                ; 7.946 ns   ; Tag[3] ; cash_line:inst34|lpm_dff3:inst1|lpm_ff:lpm_ff_component|dffs[5]  ; clk      ;
; N/A                                     ; None                                                ; 7.946 ns   ; Tag[3] ; cash_line:inst34|lpm_dff3:inst1|lpm_ff:lpm_ff_component|dffs[4]  ; clk      ;
; N/A                                     ; None                                                ; 7.946 ns   ; Tag[3] ; cash_line:inst34|lpm_dff3:inst1|lpm_ff:lpm_ff_component|dffs[2]  ; clk      ;
; N/A                                     ; None                                                ; 7.944 ns   ; Tag[4] ; cash_line:inst34|lpm_dff3:inst3|lpm_ff:lpm_ff_component|dffs[7]  ; clk      ;
; N/A                                     ; None                                                ; 7.944 ns   ; Tag[4] ; cash_line:inst34|lpm_dff3:inst3|lpm_ff:lpm_ff_component|dffs[5]  ; clk      ;
; N/A                                     ; None                                                ; 7.931 ns   ; Tag[1] ; cash_line:inst34|lpm_dff3:inst1|lpm_ff:lpm_ff_component|dffs[12] ; clk      ;
; N/A                                     ; None                                                ; 7.931 ns   ; Tag[1] ; cash_line:inst34|lpm_dff3:inst1|lpm_ff:lpm_ff_component|dffs[11] ; clk      ;
; N/A                                     ; None                                                ; 7.931 ns   ; Tag[1] ; cash_line:inst34|lpm_dff3:inst1|lpm_ff:lpm_ff_component|dffs[10] ; clk      ;
; N/A                                     ; None                                                ; 7.931 ns   ; Tag[1] ; cash_line:inst34|lpm_dff3:inst1|lpm_ff:lpm_ff_component|dffs[8]  ; clk      ;
; N/A                                     ; None                                                ; 7.931 ns   ; Tag[1] ; cash_line:inst34|lpm_dff3:inst1|lpm_ff:lpm_ff_component|dffs[6]  ; clk      ;
; N/A                                     ; None                                                ; 7.923 ns   ; Tag[0] ; cash_line:inst34|lpm_dff3:inst1|lpm_ff:lpm_ff_component|dffs[5]  ; clk      ;
; N/A                                     ; None                                                ; 7.923 ns   ; Tag[0] ; cash_line:inst34|lpm_dff3:inst1|lpm_ff:lpm_ff_component|dffs[4]  ; clk      ;
; N/A                                     ; None                                                ; 7.923 ns   ; Tag[0] ; cash_line:inst34|lpm_dff3:inst1|lpm_ff:lpm_ff_component|dffs[2]  ; clk      ;
; N/A                                     ; None                                                ; 7.906 ns   ; Tag[1] ; cash_line:inst34|lpm_dff3:inst1|lpm_ff:lpm_ff_component|dffs[9]  ; clk      ;
; N/A                                     ; None                                                ; 7.904 ns   ; Tag[1] ; cash_line:inst34|lpm_dff3:inst1|lpm_ff:lpm_ff_component|dffs[7]  ; clk      ;
; N/A                                     ; None                                                ; 7.900 ns   ; Tag[3] ; cash_line:inst34|lpm_dff3:inst3|lpm_ff:lpm_ff_component|dffs[11] ; clk      ;
; N/A                                     ; None                                                ; 7.900 ns   ; Tag[3] ; cash_line:inst34|lpm_dff3:inst3|lpm_ff:lpm_ff_component|dffs[10] ; clk      ;
; N/A                                     ; None                                                ; 7.900 ns   ; Tag[3] ; cash_line:inst34|lpm_dff3:inst3|lpm_ff:lpm_ff_component|dffs[9]  ; clk      ;
; N/A                                     ; None                                                ; 7.900 ns   ; Tag[3] ; cash_line:inst34|lpm_dff3:inst3|lpm_ff:lpm_ff_component|dffs[6]  ; clk      ;
; N/A                                     ; None                                                ; 7.892 ns   ; Tag[3] ; cash_line:inst34|lpm_dff3:inst4|lpm_ff:lpm_ff_component|dffs[12] ; clk      ;
; N/A                                     ; None                                                ; 7.892 ns   ; Tag[3] ; cash_line:inst34|lpm_dff3:inst4|lpm_ff:lpm_ff_component|dffs[11] ; clk      ;
; N/A                                     ; None                                                ; 7.892 ns   ; Tag[3] ; cash_line:inst34|lpm_dff3:inst4|lpm_ff:lpm_ff_component|dffs[10] ; clk      ;
; N/A                                     ; None                                                ; 7.892 ns   ; Tag[3] ; cash_line:inst34|lpm_dff3:inst4|lpm_ff:lpm_ff_component|dffs[9]  ; clk      ;
; N/A                                     ; None                                                ; 7.892 ns   ; Tag[3] ; cash_line:inst34|lpm_dff3:inst4|lpm_ff:lpm_ff_component|dffs[8]  ; clk      ;
; N/A                                     ; None                                                ; 7.892 ns   ; Tag[3] ; cash_line:inst34|lpm_dff3:inst4|lpm_ff:lpm_ff_component|dffs[7]  ; clk      ;
; N/A                                     ; None                                                ; 7.892 ns   ; Tag[3] ; cash_line:inst34|lpm_dff3:inst4|lpm_ff:lpm_ff_component|dffs[6]  ; clk      ;
; N/A                                     ; None                                                ; 7.892 ns   ; Tag[3] ; cash_line:inst34|lpm_dff3:inst4|lpm_ff:lpm_ff_component|dffs[5]  ; clk      ;
; N/A                                     ; None                                                ; 7.892 ns   ; Tag[3] ; cash_line:inst34|lpm_dff3:inst4|lpm_ff:lpm_ff_component|dffs[4]  ; clk      ;
; N/A                                     ; None                                                ; 7.892 ns   ; Tag[3] ; cash_line:inst34|lpm_dff3:inst4|lpm_ff:lpm_ff_component|dffs[3]  ; clk      ;
; N/A                                     ; None                                                ; 7.892 ns   ; Tag[3] ; cash_line:inst34|lpm_dff3:inst4|lpm_ff:lpm_ff_component|dffs[2]  ; clk      ;
; N/A                                     ; None                                                ; 7.892 ns   ; Tag[3] ; cash_line:inst34|lpm_dff3:inst4|lpm_ff:lpm_ff_component|dffs[1]  ; clk      ;
; N/A                                     ; None                                                ; 7.892 ns   ; Tag[3] ; cash_line:inst34|lpm_dff3:inst4|lpm_ff:lpm_ff_component|dffs[0]  ; clk      ;
; N/A                                     ; None                                                ; 7.877 ns   ; Tag[0] ; cash_line:inst34|lpm_dff3:inst3|lpm_ff:lpm_ff_component|dffs[11] ; clk      ;
; N/A                                     ; None                                                ; 7.877 ns   ; Tag[0] ; cash_line:inst34|lpm_dff3:inst3|lpm_ff:lpm_ff_component|dffs[10] ; clk      ;
; N/A                                     ; None                                                ; 7.877 ns   ; Tag[0] ; cash_line:inst34|lpm_dff3:inst3|lpm_ff:lpm_ff_component|dffs[9]  ; clk      ;
; N/A                                     ; None                                                ; 7.877 ns   ; Tag[0] ; cash_line:inst34|lpm_dff3:inst3|lpm_ff:lpm_ff_component|dffs[6]  ; clk      ;
; N/A                                     ; None                                                ; 7.875 ns   ; Tag[3] ; cash_line:inst34|lpm_dff3:inst1|lpm_ff:lpm_ff_component|dffs[3]  ; clk      ;
; N/A                                     ; None                                                ; 7.875 ns   ; Tag[3] ; cash_line:inst34|lpm_dff3:inst1|lpm_ff:lpm_ff_component|dffs[1]  ; clk      ;
; N/A                                     ; None                                                ; 7.875 ns   ; Tag[3] ; cash_line:inst34|lpm_dff3:inst1|lpm_ff:lpm_ff_component|dffs[0]  ; clk      ;
; N/A                                     ; None                                                ; 7.872 ns   ; Tag[2] ; cash_line:inst34|lpm_dff3:inst3|lpm_ff:lpm_ff_component|dffs[7]  ; clk      ;
; N/A                                     ; None                                                ; 7.872 ns   ; Tag[2] ; cash_line:inst34|lpm_dff3:inst3|lpm_ff:lpm_ff_component|dffs[5]  ; clk      ;
; N/A                                     ; None                                                ; 7.870 ns   ; Tag[4] ; cash_line:inst34|lpm_dff3:inst3|lpm_ff:lpm_ff_component|dffs[8]  ; clk      ;
; N/A                                     ; None                                                ; 7.870 ns   ; Tag[4] ; cash_line:inst34|lpm_dff3:inst3|lpm_ff:lpm_ff_component|dffs[4]  ; clk      ;
; N/A                                     ; None                                                ; 7.870 ns   ; Tag[4] ; cash_line:inst34|lpm_dff3:inst3|lpm_ff:lpm_ff_component|dffs[3]  ; clk      ;
; N/A                                     ; None                                                ; 7.870 ns   ; Tag[4] ; cash_line:inst34|lpm_dff3:inst3|lpm_ff:lpm_ff_component|dffs[2]  ; clk      ;
; N/A                                     ; None                                                ; 7.870 ns   ; Tag[4] ; cash_line:inst34|lpm_dff3:inst3|lpm_ff:lpm_ff_component|dffs[1]  ; clk      ;
; N/A                                     ; None                                                ; 7.870 ns   ; Tag[4] ; cash_line:inst34|lpm_dff3:inst3|lpm_ff:lpm_ff_component|dffs[0]  ; clk      ;
; N/A                                     ; None                                                ; 7.869 ns   ; Tag[0] ; cash_line:inst34|lpm_dff3:inst4|lpm_ff:lpm_ff_component|dffs[12] ; clk      ;
; N/A                                     ; None                                                ; 7.869 ns   ; Tag[0] ; cash_line:inst34|lpm_dff3:inst4|lpm_ff:lpm_ff_component|dffs[11] ; clk      ;
; N/A                                     ; None                                                ; 7.869 ns   ; Tag[0] ; cash_line:inst34|lpm_dff3:inst4|lpm_ff:lpm_ff_component|dffs[10] ; clk      ;
; N/A                                     ; None                                                ; 7.869 ns   ; Tag[0] ; cash_line:inst34|lpm_dff3:inst4|lpm_ff:lpm_ff_component|dffs[9]  ; clk      ;
; N/A                                     ; None                                                ; 7.869 ns   ; Tag[0] ; cash_line:inst34|lpm_dff3:inst4|lpm_ff:lpm_ff_component|dffs[8]  ; clk      ;
; N/A                                     ; None                                                ; 7.869 ns   ; Tag[0] ; cash_line:inst34|lpm_dff3:inst4|lpm_ff:lpm_ff_component|dffs[7]  ; clk      ;
; N/A                                     ; None                                                ; 7.869 ns   ; Tag[0] ; cash_line:inst34|lpm_dff3:inst4|lpm_ff:lpm_ff_component|dffs[6]  ; clk      ;
; N/A                                     ; None                                                ; 7.869 ns   ; Tag[0] ; cash_line:inst34|lpm_dff3:inst4|lpm_ff:lpm_ff_component|dffs[5]  ; clk      ;
; N/A                                     ; None                                                ; 7.869 ns   ; Tag[0] ; cash_line:inst34|lpm_dff3:inst4|lpm_ff:lpm_ff_component|dffs[4]  ; clk      ;
; N/A                                     ; None                                                ; 7.869 ns   ; Tag[0] ; cash_line:inst34|lpm_dff3:inst4|lpm_ff:lpm_ff_component|dffs[3]  ; clk      ;
; N/A                                     ; None                                                ; 7.869 ns   ; Tag[0] ; cash_line:inst34|lpm_dff3:inst4|lpm_ff:lpm_ff_component|dffs[2]  ; clk      ;
; N/A                                     ; None                                                ; 7.869 ns   ; Tag[0] ; cash_line:inst34|lpm_dff3:inst4|lpm_ff:lpm_ff_component|dffs[1]  ; clk      ;
; N/A                                     ; None                                                ; 7.869 ns   ; Tag[0] ; cash_line:inst34|lpm_dff3:inst4|lpm_ff:lpm_ff_component|dffs[0]  ; clk      ;
; N/A                                     ; None                                                ; 7.856 ns   ; Tag[1] ; cash_line:inst34|lpm_dff3:inst2|lpm_ff:lpm_ff_component|dffs[2]  ; clk      ;
; N/A                                     ; None                                                ; 7.856 ns   ; Tag[1] ; cash_line:inst34|lpm_dff3:inst2|lpm_ff:lpm_ff_component|dffs[1]  ; clk      ;
; N/A                                     ; None                                                ; 7.856 ns   ; Tag[1] ; cash_line:inst34|lpm_dff3:inst2|lpm_ff:lpm_ff_component|dffs[0]  ; clk      ;
; N/A                                     ; None                                                ; 7.852 ns   ; Tag[0] ; cash_line:inst34|lpm_dff3:inst1|lpm_ff:lpm_ff_component|dffs[3]  ; clk      ;
; N/A                                     ; None                                                ; 7.852 ns   ; Tag[0] ; cash_line:inst34|lpm_dff3:inst1|lpm_ff:lpm_ff_component|dffs[1]  ; clk      ;
; N/A                                     ; None                                                ; 7.852 ns   ; Tag[0] ; cash_line:inst34|lpm_dff3:inst1|lpm_ff:lpm_ff_component|dffs[0]  ; clk      ;
; N/A                                     ; None                                                ; 7.827 ns   ; Tag[4] ; cash_line:inst34|lpm_dff3:inst1|lpm_ff:lpm_ff_component|dffs[5]  ; clk      ;
; N/A                                     ; None                                                ; 7.827 ns   ; Tag[4] ; cash_line:inst34|lpm_dff3:inst1|lpm_ff:lpm_ff_component|dffs[4]  ; clk      ;
; N/A                                     ; None                                                ; 7.827 ns   ; Tag[4] ; cash_line:inst34|lpm_dff3:inst1|lpm_ff:lpm_ff_component|dffs[2]  ; clk      ;
; N/A                                     ; None                                                ; 7.814 ns   ; Tag[3] ; cash_line:inst34|lpm_dff3:inst3|lpm_ff:lpm_ff_component|dffs[12] ; clk      ;
; N/A                                     ; None                                                ; 7.798 ns   ; Tag[2] ; cash_line:inst34|lpm_dff3:inst3|lpm_ff:lpm_ff_component|dffs[8]  ; clk      ;
; N/A                                     ; None                                                ; 7.798 ns   ; Tag[2] ; cash_line:inst34|lpm_dff3:inst3|lpm_ff:lpm_ff_component|dffs[4]  ; clk      ;
; N/A                                     ; None                                                ; 7.798 ns   ; Tag[2] ; cash_line:inst34|lpm_dff3:inst3|lpm_ff:lpm_ff_component|dffs[3]  ; clk      ;
; N/A                                     ; None                                                ; 7.798 ns   ; Tag[2] ; cash_line:inst34|lpm_dff3:inst3|lpm_ff:lpm_ff_component|dffs[2]  ; clk      ;
; N/A                                     ; None                                                ; 7.798 ns   ; Tag[2] ; cash_line:inst34|lpm_dff3:inst3|lpm_ff:lpm_ff_component|dffs[1]  ; clk      ;
; N/A                                     ; None                                                ; 7.798 ns   ; Tag[2] ; cash_line:inst34|lpm_dff3:inst3|lpm_ff:lpm_ff_component|dffs[0]  ; clk      ;
; N/A                                     ; None                                                ; 7.791 ns   ; Tag[0] ; cash_line:inst34|lpm_dff3:inst3|lpm_ff:lpm_ff_component|dffs[12] ; clk      ;
; N/A                                     ; None                                                ; 7.781 ns   ; Tag[4] ; cash_line:inst34|lpm_dff3:inst3|lpm_ff:lpm_ff_component|dffs[11] ; clk      ;
; N/A                                     ; None                                                ; 7.781 ns   ; Tag[4] ; cash_line:inst34|lpm_dff3:inst3|lpm_ff:lpm_ff_component|dffs[10] ; clk      ;
; N/A                                     ; None                                                ; 7.781 ns   ; Tag[4] ; cash_line:inst34|lpm_dff3:inst3|lpm_ff:lpm_ff_component|dffs[9]  ; clk      ;
; N/A                                     ; None                                                ; 7.781 ns   ; Tag[4] ; cash_line:inst34|lpm_dff3:inst3|lpm_ff:lpm_ff_component|dffs[6]  ; clk      ;
; N/A                                     ; None                                                ; 7.773 ns   ; Tag[4] ; cash_line:inst34|lpm_dff3:inst4|lpm_ff:lpm_ff_component|dffs[12] ; clk      ;
; N/A                                     ; None                                                ; 7.773 ns   ; Tag[4] ; cash_line:inst34|lpm_dff3:inst4|lpm_ff:lpm_ff_component|dffs[11] ; clk      ;
; N/A                                     ; None                                                ; 7.773 ns   ; Tag[4] ; cash_line:inst34|lpm_dff3:inst4|lpm_ff:lpm_ff_component|dffs[10] ; clk      ;
; N/A                                     ; None                                                ; 7.773 ns   ; Tag[4] ; cash_line:inst34|lpm_dff3:inst4|lpm_ff:lpm_ff_component|dffs[9]  ; clk      ;
; N/A                                     ; None                                                ; 7.773 ns   ; Tag[4] ; cash_line:inst34|lpm_dff3:inst4|lpm_ff:lpm_ff_component|dffs[8]  ; clk      ;
; N/A                                     ; None                                                ; 7.773 ns   ; Tag[4] ; cash_line:inst34|lpm_dff3:inst4|lpm_ff:lpm_ff_component|dffs[7]  ; clk      ;
; N/A                                     ; None                                                ; 7.773 ns   ; Tag[4] ; cash_line:inst34|lpm_dff3:inst4|lpm_ff:lpm_ff_component|dffs[6]  ; clk      ;
; N/A                                     ; None                                                ; 7.773 ns   ; Tag[4] ; cash_line:inst34|lpm_dff3:inst4|lpm_ff:lpm_ff_component|dffs[5]  ; clk      ;
; N/A                                     ; None                                                ; 7.773 ns   ; Tag[4] ; cash_line:inst34|lpm_dff3:inst4|lpm_ff:lpm_ff_component|dffs[4]  ; clk      ;
; N/A                                     ; None                                                ; 7.773 ns   ; Tag[4] ; cash_line:inst34|lpm_dff3:inst4|lpm_ff:lpm_ff_component|dffs[3]  ; clk      ;
; N/A                                     ; None                                                ; 7.773 ns   ; Tag[4] ; cash_line:inst34|lpm_dff3:inst4|lpm_ff:lpm_ff_component|dffs[2]  ; clk      ;
; N/A                                     ; None                                                ; 7.773 ns   ; Tag[4] ; cash_line:inst34|lpm_dff3:inst4|lpm_ff:lpm_ff_component|dffs[1]  ; clk      ;
; N/A                                     ; None                                                ; 7.773 ns   ; Tag[4] ; cash_line:inst34|lpm_dff3:inst4|lpm_ff:lpm_ff_component|dffs[0]  ; clk      ;
; N/A                                     ; None                                                ; 7.756 ns   ; Tag[4] ; cash_line:inst34|lpm_dff3:inst1|lpm_ff:lpm_ff_component|dffs[3]  ; clk      ;
; N/A                                     ; None                                                ; 7.756 ns   ; Tag[4] ; cash_line:inst34|lpm_dff3:inst1|lpm_ff:lpm_ff_component|dffs[1]  ; clk      ;
; N/A                                     ; None                                                ; 7.756 ns   ; Tag[4] ; cash_line:inst34|lpm_dff3:inst1|lpm_ff:lpm_ff_component|dffs[0]  ; clk      ;
; N/A                                     ; None                                                ; 7.755 ns   ; Tag[2] ; cash_line:inst34|lpm_dff3:inst1|lpm_ff:lpm_ff_component|dffs[5]  ; clk      ;
; N/A                                     ; None                                                ; 7.755 ns   ; Tag[2] ; cash_line:inst34|lpm_dff3:inst1|lpm_ff:lpm_ff_component|dffs[4]  ; clk      ;
; N/A                                     ; None                                                ; 7.755 ns   ; Tag[2] ; cash_line:inst34|lpm_dff3:inst1|lpm_ff:lpm_ff_component|dffs[2]  ; clk      ;
; N/A                                     ; None                                                ; 7.744 ns   ; Tag[3] ; cash_line:inst34|lpm_dff3:inst1|lpm_ff:lpm_ff_component|dffs[12] ; clk      ;
; N/A                                     ; None                                                ; 7.744 ns   ; Tag[3] ; cash_line:inst34|lpm_dff3:inst1|lpm_ff:lpm_ff_component|dffs[11] ; clk      ;
; N/A                                     ; None                                                ; 7.744 ns   ; Tag[3] ; cash_line:inst34|lpm_dff3:inst1|lpm_ff:lpm_ff_component|dffs[10] ; clk      ;
; N/A                                     ; None                                                ; 7.744 ns   ; Tag[3] ; cash_line:inst34|lpm_dff3:inst1|lpm_ff:lpm_ff_component|dffs[8]  ; clk      ;
; N/A                                     ; None                                                ; 7.744 ns   ; Tag[3] ; cash_line:inst34|lpm_dff3:inst1|lpm_ff:lpm_ff_component|dffs[6]  ; clk      ;
; N/A                                     ; None                                                ; 7.721 ns   ; Tag[0] ; cash_line:inst34|lpm_dff3:inst1|lpm_ff:lpm_ff_component|dffs[12] ; clk      ;
; N/A                                     ; None                                                ; 7.721 ns   ; Tag[0] ; cash_line:inst34|lpm_dff3:inst1|lpm_ff:lpm_ff_component|dffs[11] ; clk      ;
; N/A                                     ; None                                                ; 7.721 ns   ; Tag[0] ; cash_line:inst34|lpm_dff3:inst1|lpm_ff:lpm_ff_component|dffs[10] ; clk      ;
; N/A                                     ; None                                                ; 7.721 ns   ; Tag[0] ; cash_line:inst34|lpm_dff3:inst1|lpm_ff:lpm_ff_component|dffs[8]  ; clk      ;
; N/A                                     ; None                                                ; 7.721 ns   ; Tag[0] ; cash_line:inst34|lpm_dff3:inst1|lpm_ff:lpm_ff_component|dffs[6]  ; clk      ;
; N/A                                     ; None                                                ; 7.719 ns   ; Tag[3] ; cash_line:inst34|lpm_dff3:inst1|lpm_ff:lpm_ff_component|dffs[9]  ; clk      ;
; N/A                                     ; None                                                ; 7.717 ns   ; Tag[3] ; cash_line:inst34|lpm_dff3:inst1|lpm_ff:lpm_ff_component|dffs[7]  ; clk      ;
; N/A                                     ; None                                                ; 7.709 ns   ; Tag[2] ; cash_line:inst34|lpm_dff3:inst3|lpm_ff:lpm_ff_component|dffs[11] ; clk      ;
; N/A                                     ; None                                                ; 7.709 ns   ; Tag[2] ; cash_line:inst34|lpm_dff3:inst3|lpm_ff:lpm_ff_component|dffs[10] ; clk      ;
; N/A                                     ; None                                                ; 7.709 ns   ; Tag[2] ; cash_line:inst34|lpm_dff3:inst3|lpm_ff:lpm_ff_component|dffs[9]  ; clk      ;
; N/A                                     ; None                                                ; 7.709 ns   ; Tag[2] ; cash_line:inst34|lpm_dff3:inst3|lpm_ff:lpm_ff_component|dffs[6]  ; clk      ;
; N/A                                     ; None                                                ; 7.701 ns   ; Tag[2] ; cash_line:inst34|lpm_dff3:inst4|lpm_ff:lpm_ff_component|dffs[12] ; clk      ;
; N/A                                     ; None                                                ; 7.701 ns   ; Tag[2] ; cash_line:inst34|lpm_dff3:inst4|lpm_ff:lpm_ff_component|dffs[11] ; clk      ;
; N/A                                     ; None                                                ; 7.701 ns   ; Tag[2] ; cash_line:inst34|lpm_dff3:inst4|lpm_ff:lpm_ff_component|dffs[10] ; clk      ;
; N/A                                     ; None                                                ; 7.701 ns   ; Tag[2] ; cash_line:inst34|lpm_dff3:inst4|lpm_ff:lpm_ff_component|dffs[9]  ; clk      ;
; N/A                                     ; None                                                ; 7.701 ns   ; Tag[2] ; cash_line:inst34|lpm_dff3:inst4|lpm_ff:lpm_ff_component|dffs[8]  ; clk      ;
; N/A                                     ; None                                                ; 7.701 ns   ; Tag[2] ; cash_line:inst34|lpm_dff3:inst4|lpm_ff:lpm_ff_component|dffs[7]  ; clk      ;
; N/A                                     ; None                                                ; 7.701 ns   ; Tag[2] ; cash_line:inst34|lpm_dff3:inst4|lpm_ff:lpm_ff_component|dffs[6]  ; clk      ;
; N/A                                     ; None                                                ; 7.701 ns   ; Tag[2] ; cash_line:inst34|lpm_dff3:inst4|lpm_ff:lpm_ff_component|dffs[5]  ; clk      ;
; N/A                                     ; None                                                ; 7.701 ns   ; Tag[2] ; cash_line:inst34|lpm_dff3:inst4|lpm_ff:lpm_ff_component|dffs[4]  ; clk      ;
; N/A                                     ; None                                                ; 7.701 ns   ; Tag[2] ; cash_line:inst34|lpm_dff3:inst4|lpm_ff:lpm_ff_component|dffs[3]  ; clk      ;
; N/A                                     ; None                                                ; 7.701 ns   ; Tag[2] ; cash_line:inst34|lpm_dff3:inst4|lpm_ff:lpm_ff_component|dffs[2]  ; clk      ;
; N/A                                     ; None                                                ; 7.701 ns   ; Tag[2] ; cash_line:inst34|lpm_dff3:inst4|lpm_ff:lpm_ff_component|dffs[1]  ; clk      ;
; N/A                                     ; None                                                ; 7.701 ns   ; Tag[2] ; cash_line:inst34|lpm_dff3:inst4|lpm_ff:lpm_ff_component|dffs[0]  ; clk      ;
; N/A                                     ; None                                                ; 7.696 ns   ; Tag[0] ; cash_line:inst34|lpm_dff3:inst1|lpm_ff:lpm_ff_component|dffs[9]  ; clk      ;
; N/A                                     ; None                                                ; 7.695 ns   ; Tag[4] ; cash_line:inst34|lpm_dff3:inst3|lpm_ff:lpm_ff_component|dffs[12] ; clk      ;
; N/A                                     ; None                                                ; 7.694 ns   ; Tag[0] ; cash_line:inst34|lpm_dff3:inst1|lpm_ff:lpm_ff_component|dffs[7]  ; clk      ;
; N/A                                     ; None                                                ; 7.684 ns   ; Tag[2] ; cash_line:inst34|lpm_dff3:inst1|lpm_ff:lpm_ff_component|dffs[3]  ; clk      ;
; N/A                                     ; None                                                ; 7.684 ns   ; Tag[2] ; cash_line:inst34|lpm_dff3:inst1|lpm_ff:lpm_ff_component|dffs[1]  ; clk      ;
; N/A                                     ; None                                                ; 7.684 ns   ; Tag[2] ; cash_line:inst34|lpm_dff3:inst1|lpm_ff:lpm_ff_component|dffs[0]  ; clk      ;
; N/A                                     ; None                                                ; 7.669 ns   ; Tag[3] ; cash_line:inst34|lpm_dff3:inst2|lpm_ff:lpm_ff_component|dffs[2]  ; clk      ;
; N/A                                     ; None                                                ; 7.669 ns   ; Tag[3] ; cash_line:inst34|lpm_dff3:inst2|lpm_ff:lpm_ff_component|dffs[1]  ; clk      ;
; N/A                                     ; None                                                ; 7.669 ns   ; Tag[3] ; cash_line:inst34|lpm_dff3:inst2|lpm_ff:lpm_ff_component|dffs[0]  ; clk      ;
; N/A                                     ; None                                                ; 7.646 ns   ; Tag[0] ; cash_line:inst34|lpm_dff3:inst2|lpm_ff:lpm_ff_component|dffs[2]  ; clk      ;
; N/A                                     ; None                                                ; 7.646 ns   ; Tag[0] ; cash_line:inst34|lpm_dff3:inst2|lpm_ff:lpm_ff_component|dffs[1]  ; clk      ;
; N/A                                     ; None                                                ; 7.646 ns   ; Tag[0] ; cash_line:inst34|lpm_dff3:inst2|lpm_ff:lpm_ff_component|dffs[0]  ; clk      ;
; N/A                                     ; None                                                ; 7.625 ns   ; Tag[4] ; cash_line:inst34|lpm_dff3:inst1|lpm_ff:lpm_ff_component|dffs[12] ; clk      ;
; N/A                                     ; None                                                ; 7.625 ns   ; Tag[4] ; cash_line:inst34|lpm_dff3:inst1|lpm_ff:lpm_ff_component|dffs[11] ; clk      ;
; N/A                                     ; None                                                ; 7.625 ns   ; Tag[4] ; cash_line:inst34|lpm_dff3:inst1|lpm_ff:lpm_ff_component|dffs[10] ; clk      ;
; N/A                                     ; None                                                ; 7.625 ns   ; Tag[4] ; cash_line:inst34|lpm_dff3:inst1|lpm_ff:lpm_ff_component|dffs[8]  ; clk      ;
; N/A                                     ; None                                                ; 7.625 ns   ; Tag[4] ; cash_line:inst34|lpm_dff3:inst1|lpm_ff:lpm_ff_component|dffs[6]  ; clk      ;
; N/A                                     ; None                                                ; 7.623 ns   ; Tag[2] ; cash_line:inst34|lpm_dff3:inst3|lpm_ff:lpm_ff_component|dffs[12] ; clk      ;
; N/A                                     ; None                                                ; 7.600 ns   ; Tag[4] ; cash_line:inst34|lpm_dff3:inst1|lpm_ff:lpm_ff_component|dffs[9]  ; clk      ;
; N/A                                     ; None                                                ; 7.598 ns   ; Tag[4] ; cash_line:inst34|lpm_dff3:inst1|lpm_ff:lpm_ff_component|dffs[7]  ; clk      ;
; N/A                                     ; None                                                ; 7.573 ns   ; Tag[1] ; cash_line:inst34|lpm_dff3:inst2|lpm_ff:lpm_ff_component|dffs[12] ; clk      ;
; N/A                                     ; None                                                ; 7.573 ns   ; Tag[1] ; cash_line:inst34|lpm_dff3:inst2|lpm_ff:lpm_ff_component|dffs[11] ; clk      ;
; N/A                                     ; None                                                ; 7.573 ns   ; Tag[1] ; cash_line:inst34|lpm_dff3:inst2|lpm_ff:lpm_ff_component|dffs[10] ; clk      ;
; Timing analysis restricted to 200 rows. ; To change the limit use Settings (Assignments menu) ;            ;        ;                                                                  ;          ;
+-----------------------------------------+-----------------------------------------------------+------------+--------+------------------------------------------------------------------+----------+


+------------------------------------------------------------------------------------------------------------------------------------------------------------------------------------------------------------------------------------------+
; tco                                                                                                                                                                                                                                      ;
+-----------------------------------------+-----------------------------------------------------+------------+--------------------------------------------------------------------------------------------------+-------------+------------+
; Slack                                   ; Required tco                                        ; Actual tco ; From                                                                                             ; To          ; From Clock ;
+-----------------------------------------+-----------------------------------------------------+------------+--------------------------------------------------------------------------------------------------+-------------+------------+
; N/A                                     ; None                                                ; 13.392 ns  ; lpm_counter1:inst3|lpm_counter:lpm_counter_component|cntr_5pi:auto_generated|safe_q[3]           ; DataOut[0]  ; clk        ;
; N/A                                     ; None                                                ; 13.303 ns  ; lpm_counter1:inst2|lpm_counter:lpm_counter_component|cntr_5pi:auto_generated|safe_q[2]           ; DataOut[0]  ; clk        ;
; N/A                                     ; None                                                ; 13.228 ns  ; lpm_counter1:inst3|lpm_counter:lpm_counter_component|cntr_5pi:auto_generated|safe_q[3]~DUPLICATE ; DataOut[0]  ; clk        ;
; N/A                                     ; None                                                ; 13.212 ns  ; lpm_counter1:inst1|lpm_counter:lpm_counter_component|cntr_5pi:auto_generated|safe_q[2]           ; DataOut[0]  ; clk        ;
; N/A                                     ; None                                                ; 13.189 ns  ; lpm_counter1:inst|lpm_counter:lpm_counter_component|cntr_5pi:auto_generated|safe_q[3]~DUPLICATE  ; DataOut[0]  ; clk        ;
; N/A                                     ; None                                                ; 13.120 ns  ; lpm_counter1:inst3|lpm_counter:lpm_counter_component|cntr_5pi:auto_generated|safe_q[2]           ; DataOut[0]  ; clk        ;
; N/A                                     ; None                                                ; 13.059 ns  ; lpm_counter1:inst2|lpm_counter:lpm_counter_component|cntr_5pi:auto_generated|safe_q[1]~DUPLICATE ; DataOut[0]  ; clk        ;
; N/A                                     ; None                                                ; 13.053 ns  ; lpm_counter1:inst3|lpm_counter:lpm_counter_component|cntr_5pi:auto_generated|safe_q[1]           ; DataOut[0]  ; clk        ;
; N/A                                     ; None                                                ; 13.030 ns  ; lpm_counter1:inst|lpm_counter:lpm_counter_component|cntr_5pi:auto_generated|safe_q[2]            ; DataOut[0]  ; clk        ;
; N/A                                     ; None                                                ; 12.960 ns  ; cash_line:inst32|lpm_dff2:inst|lpm_ff:lpm_ff_component|dffs[1]                                   ; DataOut[0]  ; clk        ;
; N/A                                     ; None                                                ; 12.937 ns  ; lpm_counter1:inst2|lpm_counter:lpm_counter_component|cntr_5pi:auto_generated|safe_q[3]           ; DataOut[0]  ; clk        ;
; N/A                                     ; None                                                ; 12.935 ns  ; lpm_counter1:inst1|lpm_counter:lpm_counter_component|cntr_5pi:auto_generated|safe_q[3]           ; DataOut[0]  ; clk        ;
; N/A                                     ; None                                                ; 12.909 ns  ; lpm_counter1:inst3|lpm_counter:lpm_counter_component|cntr_5pi:auto_generated|safe_q[3]           ; DataOut[12] ; clk        ;
; N/A                                     ; None                                                ; 12.906 ns  ; cash_line:inst34|lpm_dff2:inst|lpm_ff:lpm_ff_component|dffs[4]                                   ; DataOut[0]  ; clk        ;
; N/A                                     ; None                                                ; 12.883 ns  ; lpm_counter1:inst1|lpm_counter:lpm_counter_component|cntr_5pi:auto_generated|safe_q[1]           ; DataOut[0]  ; clk        ;
; N/A                                     ; None                                                ; 12.866 ns  ; lpm_counter1:inst3|lpm_counter:lpm_counter_component|cntr_5pi:auto_generated|safe_q[3]           ; DataOut[6]  ; clk        ;
; N/A                                     ; None                                                ; 12.857 ns  ; lpm_counter1:inst3|lpm_counter:lpm_counter_component|cntr_5pi:auto_generated|safe_q[0]           ; DataOut[0]  ; clk        ;
; N/A                                     ; None                                                ; 12.831 ns  ; lpm_counter1:inst|lpm_counter:lpm_counter_component|cntr_5pi:auto_generated|safe_q[0]            ; DataOut[0]  ; clk        ;
; N/A                                     ; None                                                ; 12.828 ns  ; lpm_counter1:inst|lpm_counter:lpm_counter_component|cntr_5pi:auto_generated|safe_q[3]            ; DataOut[0]  ; clk        ;
; N/A                                     ; None                                                ; 12.821 ns  ; cash_line:inst34|lpm_dff2:inst|lpm_ff:lpm_ff_component|dffs[1]                                   ; DataOut[0]  ; clk        ;
; N/A                                     ; None                                                ; 12.820 ns  ; lpm_counter1:inst2|lpm_counter:lpm_counter_component|cntr_5pi:auto_generated|safe_q[2]           ; DataOut[12] ; clk        ;
; N/A                                     ; None                                                ; 12.781 ns  ; lpm_counter1:inst1|lpm_counter:lpm_counter_component|cntr_5pi:auto_generated|safe_q[3]~DUPLICATE ; DataOut[0]  ; clk        ;
; N/A                                     ; None                                                ; 12.777 ns  ; lpm_counter1:inst2|lpm_counter:lpm_counter_component|cntr_5pi:auto_generated|safe_q[2]           ; DataOut[6]  ; clk        ;
; N/A                                     ; None                                                ; 12.769 ns  ; lpm_counter1:inst|lpm_counter:lpm_counter_component|cntr_5pi:auto_generated|safe_q[1]~DUPLICATE  ; DataOut[0]  ; clk        ;
; N/A                                     ; None                                                ; 12.767 ns  ; lpm_counter1:inst2|lpm_counter:lpm_counter_component|cntr_5pi:auto_generated|safe_q[1]           ; DataOut[0]  ; clk        ;
; N/A                                     ; None                                                ; 12.762 ns  ; lpm_counter1:inst1|lpm_counter:lpm_counter_component|cntr_5pi:auto_generated|safe_q[0]           ; DataOut[0]  ; clk        ;
; N/A                                     ; None                                                ; 12.745 ns  ; lpm_counter1:inst3|lpm_counter:lpm_counter_component|cntr_5pi:auto_generated|safe_q[3]~DUPLICATE ; DataOut[12] ; clk        ;
; N/A                                     ; None                                                ; 12.730 ns  ; cash_line:inst34|lpm_dff2:inst|lpm_ff:lpm_ff_component|dffs[0]                                   ; DataOut[0]  ; clk        ;
; N/A                                     ; None                                                ; 12.729 ns  ; lpm_counter1:inst1|lpm_counter:lpm_counter_component|cntr_5pi:auto_generated|safe_q[2]           ; DataOut[12] ; clk        ;
; N/A                                     ; None                                                ; 12.713 ns  ; lpm_counter1:inst2|lpm_counter:lpm_counter_component|cntr_5pi:auto_generated|safe_q[0]           ; DataOut[0]  ; clk        ;
; N/A                                     ; None                                                ; 12.706 ns  ; lpm_counter1:inst|lpm_counter:lpm_counter_component|cntr_5pi:auto_generated|safe_q[3]~DUPLICATE  ; DataOut[12] ; clk        ;
; N/A                                     ; None                                                ; 12.702 ns  ; lpm_counter1:inst3|lpm_counter:lpm_counter_component|cntr_5pi:auto_generated|safe_q[3]~DUPLICATE ; DataOut[6]  ; clk        ;
; N/A                                     ; None                                                ; 12.686 ns  ; lpm_counter1:inst1|lpm_counter:lpm_counter_component|cntr_5pi:auto_generated|safe_q[2]           ; DataOut[6]  ; clk        ;
; N/A                                     ; None                                                ; 12.663 ns  ; lpm_counter1:inst|lpm_counter:lpm_counter_component|cntr_5pi:auto_generated|safe_q[3]~DUPLICATE  ; DataOut[6]  ; clk        ;
; N/A                                     ; None                                                ; 12.646 ns  ; cash_line:inst34|lpm_dff2:inst|lpm_ff:lpm_ff_component|dffs[2]                                   ; DataOut[0]  ; clk        ;
; N/A                                     ; None                                                ; 12.637 ns  ; lpm_counter1:inst3|lpm_counter:lpm_counter_component|cntr_5pi:auto_generated|safe_q[2]           ; DataOut[12] ; clk        ;
; N/A                                     ; None                                                ; 12.629 ns  ; cash_line:inst34|lpm_dff2:inst|lpm_ff:lpm_ff_component|dffs[3]                                   ; DataOut[0]  ; clk        ;
; N/A                                     ; None                                                ; 12.594 ns  ; lpm_counter1:inst3|lpm_counter:lpm_counter_component|cntr_5pi:auto_generated|safe_q[2]           ; DataOut[6]  ; clk        ;
; N/A                                     ; None                                                ; 12.576 ns  ; lpm_counter1:inst2|lpm_counter:lpm_counter_component|cntr_5pi:auto_generated|safe_q[1]~DUPLICATE ; DataOut[12] ; clk        ;
; N/A                                     ; None                                                ; 12.570 ns  ; lpm_counter1:inst1|lpm_counter:lpm_counter_component|cntr_5pi:auto_generated|safe_q[2]~DUPLICATE ; DataOut[0]  ; clk        ;
; N/A                                     ; None                                                ; 12.570 ns  ; lpm_counter1:inst3|lpm_counter:lpm_counter_component|cntr_5pi:auto_generated|safe_q[1]           ; DataOut[12] ; clk        ;
; N/A                                     ; None                                                ; 12.547 ns  ; lpm_counter1:inst|lpm_counter:lpm_counter_component|cntr_5pi:auto_generated|safe_q[2]            ; DataOut[12] ; clk        ;
; N/A                                     ; None                                                ; 12.541 ns  ; cash_line:inst33|lpm_dff2:inst|lpm_ff:lpm_ff_component|dffs[4]                                   ; DataOut[6]  ; clk        ;
; N/A                                     ; None                                                ; 12.533 ns  ; lpm_counter1:inst2|lpm_counter:lpm_counter_component|cntr_5pi:auto_generated|safe_q[1]~DUPLICATE ; DataOut[6]  ; clk        ;
; N/A                                     ; None                                                ; 12.527 ns  ; lpm_counter1:inst3|lpm_counter:lpm_counter_component|cntr_5pi:auto_generated|safe_q[1]           ; DataOut[6]  ; clk        ;
; N/A                                     ; None                                                ; 12.504 ns  ; lpm_counter1:inst|lpm_counter:lpm_counter_component|cntr_5pi:auto_generated|safe_q[2]            ; DataOut[6]  ; clk        ;
; N/A                                     ; None                                                ; 12.501 ns  ; cash_line:inst33|lpm_dff2:inst|lpm_ff:lpm_ff_component|dffs[2]                                   ; DataOut[6]  ; clk        ;
; N/A                                     ; None                                                ; 12.477 ns  ; cash_line:inst32|lpm_dff2:inst|lpm_ff:lpm_ff_component|dffs[1]                                   ; DataOut[12] ; clk        ;
; N/A                                     ; None                                                ; 12.456 ns  ; cash_line:inst32|lpm_dff2:inst|lpm_ff:lpm_ff_component|dffs[0]                                   ; DataOut[0]  ; clk        ;
; N/A                                     ; None                                                ; 12.454 ns  ; lpm_counter1:inst2|lpm_counter:lpm_counter_component|cntr_5pi:auto_generated|safe_q[3]           ; DataOut[12] ; clk        ;
; N/A                                     ; None                                                ; 12.452 ns  ; lpm_counter1:inst1|lpm_counter:lpm_counter_component|cntr_5pi:auto_generated|safe_q[3]           ; DataOut[12] ; clk        ;
; N/A                                     ; None                                                ; 12.434 ns  ; cash_line:inst33|lpm_dff2:inst|lpm_ff:lpm_ff_component|dffs[4]                                   ; DataOut[0]  ; clk        ;
; N/A                                     ; None                                                ; 12.434 ns  ; cash_line:inst32|lpm_dff2:inst|lpm_ff:lpm_ff_component|dffs[1]                                   ; DataOut[6]  ; clk        ;
; N/A                                     ; None                                                ; 12.423 ns  ; cash_line:inst34|lpm_dff2:inst|lpm_ff:lpm_ff_component|dffs[4]                                   ; DataOut[12] ; clk        ;
; N/A                                     ; None                                                ; 12.417 ns  ; cash_line:inst33|lpm_dff2:inst|lpm_ff:lpm_ff_component|dffs[4]                                   ; DataOut[12] ; clk        ;
; N/A                                     ; None                                                ; 12.415 ns  ; lpm_counter1:inst3|lpm_counter:lpm_counter_component|cntr_5pi:auto_generated|safe_q[3]           ; DataOut[8]  ; clk        ;
; N/A                                     ; None                                                ; 12.411 ns  ; lpm_counter1:inst2|lpm_counter:lpm_counter_component|cntr_5pi:auto_generated|safe_q[3]           ; DataOut[6]  ; clk        ;
; N/A                                     ; None                                                ; 12.409 ns  ; lpm_counter1:inst1|lpm_counter:lpm_counter_component|cntr_5pi:auto_generated|safe_q[3]           ; DataOut[6]  ; clk        ;
; N/A                                     ; None                                                ; 12.400 ns  ; lpm_counter1:inst1|lpm_counter:lpm_counter_component|cntr_5pi:auto_generated|safe_q[1]           ; DataOut[12] ; clk        ;
; N/A                                     ; None                                                ; 12.397 ns  ; lpm_counter1:inst3|lpm_counter:lpm_counter_component|cntr_5pi:auto_generated|safe_q[3]           ; DataOut[4]  ; clk        ;
; N/A                                     ; None                                                ; 12.394 ns  ; cash_line:inst33|lpm_dff2:inst|lpm_ff:lpm_ff_component|dffs[2]                                   ; DataOut[0]  ; clk        ;
; N/A                                     ; None                                                ; 12.380 ns  ; cash_line:inst34|lpm_dff2:inst|lpm_ff:lpm_ff_component|dffs[4]                                   ; DataOut[6]  ; clk        ;
; N/A                                     ; None                                                ; 12.377 ns  ; cash_line:inst33|lpm_dff2:inst|lpm_ff:lpm_ff_component|dffs[2]                                   ; DataOut[12] ; clk        ;
; N/A                                     ; None                                                ; 12.374 ns  ; lpm_counter1:inst3|lpm_counter:lpm_counter_component|cntr_5pi:auto_generated|safe_q[0]           ; DataOut[12] ; clk        ;
; N/A                                     ; None                                                ; 12.373 ns  ; lpm_counter1:inst3|lpm_counter:lpm_counter_component|cntr_5pi:auto_generated|safe_q[3]           ; DataOut[10] ; clk        ;
; N/A                                     ; None                                                ; 12.357 ns  ; lpm_counter1:inst1|lpm_counter:lpm_counter_component|cntr_5pi:auto_generated|safe_q[1]           ; DataOut[6]  ; clk        ;
; N/A                                     ; None                                                ; 12.348 ns  ; lpm_counter1:inst|lpm_counter:lpm_counter_component|cntr_5pi:auto_generated|safe_q[0]            ; DataOut[12] ; clk        ;
; N/A                                     ; None                                                ; 12.345 ns  ; lpm_counter1:inst|lpm_counter:lpm_counter_component|cntr_5pi:auto_generated|safe_q[3]            ; DataOut[12] ; clk        ;
; N/A                                     ; None                                                ; 12.338 ns  ; cash_line:inst34|lpm_dff2:inst|lpm_ff:lpm_ff_component|dffs[1]                                   ; DataOut[12] ; clk        ;
; N/A                                     ; None                                                ; 12.331 ns  ; lpm_counter1:inst3|lpm_counter:lpm_counter_component|cntr_5pi:auto_generated|safe_q[0]           ; DataOut[6]  ; clk        ;
; N/A                                     ; None                                                ; 12.326 ns  ; lpm_counter1:inst2|lpm_counter:lpm_counter_component|cntr_5pi:auto_generated|safe_q[2]           ; DataOut[8]  ; clk        ;
; N/A                                     ; None                                                ; 12.308 ns  ; lpm_counter1:inst2|lpm_counter:lpm_counter_component|cntr_5pi:auto_generated|safe_q[2]           ; DataOut[4]  ; clk        ;
; N/A                                     ; None                                                ; 12.305 ns  ; lpm_counter1:inst|lpm_counter:lpm_counter_component|cntr_5pi:auto_generated|safe_q[0]            ; DataOut[6]  ; clk        ;
; N/A                                     ; None                                                ; 12.302 ns  ; lpm_counter1:inst|lpm_counter:lpm_counter_component|cntr_5pi:auto_generated|safe_q[3]            ; DataOut[6]  ; clk        ;
; N/A                                     ; None                                                ; 12.298 ns  ; lpm_counter1:inst1|lpm_counter:lpm_counter_component|cntr_5pi:auto_generated|safe_q[3]~DUPLICATE ; DataOut[12] ; clk        ;
; N/A                                     ; None                                                ; 12.295 ns  ; cash_line:inst34|lpm_dff2:inst|lpm_ff:lpm_ff_component|dffs[1]                                   ; DataOut[6]  ; clk        ;
; N/A                                     ; None                                                ; 12.286 ns  ; lpm_counter1:inst|lpm_counter:lpm_counter_component|cntr_5pi:auto_generated|safe_q[1]~DUPLICATE  ; DataOut[12] ; clk        ;
; N/A                                     ; None                                                ; 12.284 ns  ; lpm_counter1:inst2|lpm_counter:lpm_counter_component|cntr_5pi:auto_generated|safe_q[2]           ; DataOut[10] ; clk        ;
; N/A                                     ; None                                                ; 12.284 ns  ; lpm_counter1:inst2|lpm_counter:lpm_counter_component|cntr_5pi:auto_generated|safe_q[1]           ; DataOut[12] ; clk        ;
; N/A                                     ; None                                                ; 12.279 ns  ; lpm_counter1:inst1|lpm_counter:lpm_counter_component|cntr_5pi:auto_generated|safe_q[0]           ; DataOut[12] ; clk        ;
; N/A                                     ; None                                                ; 12.255 ns  ; lpm_counter1:inst1|lpm_counter:lpm_counter_component|cntr_5pi:auto_generated|safe_q[3]~DUPLICATE ; DataOut[6]  ; clk        ;
; N/A                                     ; None                                                ; 12.251 ns  ; lpm_counter1:inst3|lpm_counter:lpm_counter_component|cntr_5pi:auto_generated|safe_q[3]~DUPLICATE ; DataOut[8]  ; clk        ;
; N/A                                     ; None                                                ; 12.247 ns  ; cash_line:inst34|lpm_dff2:inst|lpm_ff:lpm_ff_component|dffs[0]                                   ; DataOut[12] ; clk        ;
; N/A                                     ; None                                                ; 12.243 ns  ; lpm_counter1:inst|lpm_counter:lpm_counter_component|cntr_5pi:auto_generated|safe_q[1]~DUPLICATE  ; DataOut[6]  ; clk        ;
; N/A                                     ; None                                                ; 12.241 ns  ; lpm_counter1:inst2|lpm_counter:lpm_counter_component|cntr_5pi:auto_generated|safe_q[1]           ; DataOut[6]  ; clk        ;
; N/A                                     ; None                                                ; 12.236 ns  ; lpm_counter1:inst1|lpm_counter:lpm_counter_component|cntr_5pi:auto_generated|safe_q[0]           ; DataOut[6]  ; clk        ;
; N/A                                     ; None                                                ; 12.235 ns  ; lpm_counter1:inst1|lpm_counter:lpm_counter_component|cntr_5pi:auto_generated|safe_q[2]           ; DataOut[8]  ; clk        ;
; N/A                                     ; None                                                ; 12.233 ns  ; lpm_counter1:inst3|lpm_counter:lpm_counter_component|cntr_5pi:auto_generated|safe_q[3]~DUPLICATE ; DataOut[4]  ; clk        ;
; N/A                                     ; None                                                ; 12.230 ns  ; lpm_counter1:inst2|lpm_counter:lpm_counter_component|cntr_5pi:auto_generated|safe_q[0]           ; DataOut[12] ; clk        ;
; N/A                                     ; None                                                ; 12.217 ns  ; lpm_counter1:inst1|lpm_counter:lpm_counter_component|cntr_5pi:auto_generated|safe_q[2]           ; DataOut[4]  ; clk        ;
; N/A                                     ; None                                                ; 12.212 ns  ; lpm_counter1:inst|lpm_counter:lpm_counter_component|cntr_5pi:auto_generated|safe_q[3]~DUPLICATE  ; DataOut[8]  ; clk        ;
; N/A                                     ; None                                                ; 12.212 ns  ; cash_line:inst33|lpm_dff2:inst|lpm_ff:lpm_ff_component|dffs[4]                                   ; DataOut[8]  ; clk        ;
; N/A                                     ; None                                                ; 12.209 ns  ; lpm_counter1:inst3|lpm_counter:lpm_counter_component|cntr_5pi:auto_generated|safe_q[3]~DUPLICATE ; DataOut[10] ; clk        ;
; N/A                                     ; None                                                ; 12.204 ns  ; cash_line:inst34|lpm_dff2:inst|lpm_ff:lpm_ff_component|dffs[0]                                   ; DataOut[6]  ; clk        ;
; N/A                                     ; None                                                ; 12.194 ns  ; lpm_counter1:inst|lpm_counter:lpm_counter_component|cntr_5pi:auto_generated|safe_q[3]~DUPLICATE  ; DataOut[4]  ; clk        ;
; N/A                                     ; None                                                ; 12.193 ns  ; lpm_counter1:inst1|lpm_counter:lpm_counter_component|cntr_5pi:auto_generated|safe_q[2]           ; DataOut[10] ; clk        ;
; N/A                                     ; None                                                ; 12.187 ns  ; lpm_counter1:inst2|lpm_counter:lpm_counter_component|cntr_5pi:auto_generated|safe_q[0]           ; DataOut[6]  ; clk        ;
; N/A                                     ; None                                                ; 12.172 ns  ; cash_line:inst33|lpm_dff2:inst|lpm_ff:lpm_ff_component|dffs[2]                                   ; DataOut[8]  ; clk        ;
; N/A                                     ; None                                                ; 12.170 ns  ; lpm_counter1:inst|lpm_counter:lpm_counter_component|cntr_5pi:auto_generated|safe_q[3]~DUPLICATE  ; DataOut[10] ; clk        ;
; N/A                                     ; None                                                ; 12.163 ns  ; cash_line:inst34|lpm_dff2:inst|lpm_ff:lpm_ff_component|dffs[2]                                   ; DataOut[12] ; clk        ;
; N/A                                     ; None                                                ; 12.153 ns  ; lpm_dff4:inst88|lpm_ff:lpm_ff_component|dffs[0]                                                  ; DataOut[0]  ; clk        ;
; N/A                                     ; None                                                ; 12.146 ns  ; cash_line:inst34|lpm_dff2:inst|lpm_ff:lpm_ff_component|dffs[3]                                   ; DataOut[12] ; clk        ;
; N/A                                     ; None                                                ; 12.143 ns  ; lpm_counter1:inst3|lpm_counter:lpm_counter_component|cntr_5pi:auto_generated|safe_q[2]           ; DataOut[8]  ; clk        ;
; N/A                                     ; None                                                ; 12.128 ns  ; lpm_counter1:inst3|lpm_counter:lpm_counter_component|cntr_5pi:auto_generated|safe_q[3]           ; DataOut[2]  ; clk        ;
; N/A                                     ; None                                                ; 12.125 ns  ; lpm_counter1:inst3|lpm_counter:lpm_counter_component|cntr_5pi:auto_generated|safe_q[2]           ; DataOut[4]  ; clk        ;
; N/A                                     ; None                                                ; 12.120 ns  ; cash_line:inst34|lpm_dff2:inst|lpm_ff:lpm_ff_component|dffs[2]                                   ; DataOut[6]  ; clk        ;
; N/A                                     ; None                                                ; 12.103 ns  ; cash_line:inst34|lpm_dff2:inst|lpm_ff:lpm_ff_component|dffs[3]                                   ; DataOut[6]  ; clk        ;
; N/A                                     ; None                                                ; 12.101 ns  ; lpm_counter1:inst3|lpm_counter:lpm_counter_component|cntr_5pi:auto_generated|safe_q[2]           ; DataOut[10] ; clk        ;
; N/A                                     ; None                                                ; 12.097 ns  ; lpm_dff4:inst88|lpm_ff:lpm_ff_component|dffs[1]                                                  ; DataOut[0]  ; clk        ;
; N/A                                     ; None                                                ; 12.087 ns  ; lpm_counter1:inst1|lpm_counter:lpm_counter_component|cntr_5pi:auto_generated|safe_q[2]~DUPLICATE ; DataOut[12] ; clk        ;
; N/A                                     ; None                                                ; 12.082 ns  ; lpm_counter1:inst2|lpm_counter:lpm_counter_component|cntr_5pi:auto_generated|safe_q[1]~DUPLICATE ; DataOut[8]  ; clk        ;
; N/A                                     ; None                                                ; 12.076 ns  ; lpm_counter1:inst3|lpm_counter:lpm_counter_component|cntr_5pi:auto_generated|safe_q[1]           ; DataOut[8]  ; clk        ;
; N/A                                     ; None                                                ; 12.074 ns  ; cash_line:inst33|lpm_dff2:inst|lpm_ff:lpm_ff_component|dffs[4]                                   ; DataOut[4]  ; clk        ;
; N/A                                     ; None                                                ; 12.064 ns  ; lpm_counter1:inst2|lpm_counter:lpm_counter_component|cntr_5pi:auto_generated|safe_q[1]~DUPLICATE ; DataOut[4]  ; clk        ;
; N/A                                     ; None                                                ; 12.058 ns  ; lpm_counter1:inst3|lpm_counter:lpm_counter_component|cntr_5pi:auto_generated|safe_q[1]           ; DataOut[4]  ; clk        ;
; N/A                                     ; None                                                ; 12.053 ns  ; lpm_counter1:inst|lpm_counter:lpm_counter_component|cntr_5pi:auto_generated|safe_q[2]            ; DataOut[8]  ; clk        ;
; N/A                                     ; None                                                ; 12.044 ns  ; lpm_counter1:inst1|lpm_counter:lpm_counter_component|cntr_5pi:auto_generated|safe_q[2]~DUPLICATE ; DataOut[6]  ; clk        ;
; N/A                                     ; None                                                ; 12.040 ns  ; lpm_counter1:inst2|lpm_counter:lpm_counter_component|cntr_5pi:auto_generated|safe_q[1]~DUPLICATE ; DataOut[10] ; clk        ;
; N/A                                     ; None                                                ; 12.039 ns  ; lpm_counter1:inst2|lpm_counter:lpm_counter_component|cntr_5pi:auto_generated|safe_q[2]           ; DataOut[2]  ; clk        ;
; N/A                                     ; None                                                ; 12.035 ns  ; lpm_counter1:inst|lpm_counter:lpm_counter_component|cntr_5pi:auto_generated|safe_q[2]            ; DataOut[4]  ; clk        ;
; N/A                                     ; None                                                ; 12.034 ns  ; cash_line:inst33|lpm_dff2:inst|lpm_ff:lpm_ff_component|dffs[2]                                   ; DataOut[4]  ; clk        ;
; N/A                                     ; None                                                ; 12.034 ns  ; lpm_counter1:inst3|lpm_counter:lpm_counter_component|cntr_5pi:auto_generated|safe_q[1]           ; DataOut[10] ; clk        ;
; N/A                                     ; None                                                ; 12.021 ns  ; cash_line:inst32|lpm_dff2:inst|lpm_ff:lpm_ff_component|dffs[4]                                   ; DataOut[0]  ; clk        ;
; N/A                                     ; None                                                ; 12.011 ns  ; lpm_counter1:inst3|lpm_counter:lpm_counter_component|cntr_5pi:auto_generated|safe_q[3]           ; DataOut[5]  ; clk        ;
; N/A                                     ; None                                                ; 12.011 ns  ; lpm_counter1:inst|lpm_counter:lpm_counter_component|cntr_5pi:auto_generated|safe_q[2]            ; DataOut[10] ; clk        ;
; N/A                                     ; None                                                ; 11.983 ns  ; cash_line:inst32|lpm_dff2:inst|lpm_ff:lpm_ff_component|dffs[1]                                   ; DataOut[8]  ; clk        ;
; N/A                                     ; None                                                ; 11.973 ns  ; cash_line:inst32|lpm_dff2:inst|lpm_ff:lpm_ff_component|dffs[0]                                   ; DataOut[12] ; clk        ;
; N/A                                     ; None                                                ; 11.967 ns  ; cash_line:inst33|lpm_dff2:inst|lpm_ff:lpm_ff_component|dffs[1]                                   ; DataOut[6]  ; clk        ;
; N/A                                     ; None                                                ; 11.965 ns  ; cash_line:inst32|lpm_dff2:inst|lpm_ff:lpm_ff_component|dffs[1]                                   ; DataOut[4]  ; clk        ;
; N/A                                     ; None                                                ; 11.964 ns  ; lpm_counter1:inst3|lpm_counter:lpm_counter_component|cntr_5pi:auto_generated|safe_q[3]~DUPLICATE ; DataOut[2]  ; clk        ;
; N/A                                     ; None                                                ; 11.960 ns  ; lpm_counter1:inst2|lpm_counter:lpm_counter_component|cntr_5pi:auto_generated|safe_q[3]           ; DataOut[8]  ; clk        ;
; N/A                                     ; None                                                ; 11.958 ns  ; lpm_counter1:inst1|lpm_counter:lpm_counter_component|cntr_5pi:auto_generated|safe_q[3]           ; DataOut[8]  ; clk        ;
; N/A                                     ; None                                                ; 11.948 ns  ; lpm_counter1:inst1|lpm_counter:lpm_counter_component|cntr_5pi:auto_generated|safe_q[2]           ; DataOut[2]  ; clk        ;
; N/A                                     ; None                                                ; 11.945 ns  ; cash_line:inst33|lpm_dff2:inst|lpm_ff:lpm_ff_component|dffs[4]                                   ; DataOut[2]  ; clk        ;
; N/A                                     ; None                                                ; 11.943 ns  ; cash_line:inst32|lpm_dff2:inst|lpm_ff:lpm_ff_component|dffs[2]                                   ; DataOut[0]  ; clk        ;
; N/A                                     ; None                                                ; 11.942 ns  ; lpm_counter1:inst2|lpm_counter:lpm_counter_component|cntr_5pi:auto_generated|safe_q[3]           ; DataOut[4]  ; clk        ;
; N/A                                     ; None                                                ; 11.941 ns  ; cash_line:inst32|lpm_dff2:inst|lpm_ff:lpm_ff_component|dffs[1]                                   ; DataOut[10] ; clk        ;
; N/A                                     ; None                                                ; 11.940 ns  ; lpm_counter1:inst1|lpm_counter:lpm_counter_component|cntr_5pi:auto_generated|safe_q[3]           ; DataOut[4]  ; clk        ;
; N/A                                     ; None                                                ; 11.930 ns  ; lpm_dff4:inst88|lpm_ff:lpm_ff_component|dffs[2]                                                  ; DataOut[0]  ; clk        ;
; N/A                                     ; None                                                ; 11.930 ns  ; cash_line:inst32|lpm_dff2:inst|lpm_ff:lpm_ff_component|dffs[0]                                   ; DataOut[6]  ; clk        ;
; N/A                                     ; None                                                ; 11.929 ns  ; cash_line:inst34|lpm_dff2:inst|lpm_ff:lpm_ff_component|dffs[4]                                   ; DataOut[8]  ; clk        ;
; N/A                                     ; None                                                ; 11.925 ns  ; lpm_counter1:inst|lpm_counter:lpm_counter_component|cntr_5pi:auto_generated|safe_q[3]~DUPLICATE  ; DataOut[2]  ; clk        ;
; N/A                                     ; None                                                ; 11.922 ns  ; lpm_counter1:inst2|lpm_counter:lpm_counter_component|cntr_5pi:auto_generated|safe_q[2]           ; DataOut[5]  ; clk        ;
; N/A                                     ; None                                                ; 11.918 ns  ; lpm_counter1:inst2|lpm_counter:lpm_counter_component|cntr_5pi:auto_generated|safe_q[3]           ; DataOut[10] ; clk        ;
; N/A                                     ; None                                                ; 11.916 ns  ; lpm_counter1:inst1|lpm_counter:lpm_counter_component|cntr_5pi:auto_generated|safe_q[3]           ; DataOut[10] ; clk        ;
; N/A                                     ; None                                                ; 11.911 ns  ; cash_line:inst34|lpm_dff2:inst|lpm_ff:lpm_ff_component|dffs[4]                                   ; DataOut[4]  ; clk        ;
; N/A                                     ; None                                                ; 11.906 ns  ; lpm_counter1:inst1|lpm_counter:lpm_counter_component|cntr_5pi:auto_generated|safe_q[1]           ; DataOut[8]  ; clk        ;
; N/A                                     ; None                                                ; 11.905 ns  ; cash_line:inst33|lpm_dff2:inst|lpm_ff:lpm_ff_component|dffs[2]                                   ; DataOut[2]  ; clk        ;
; N/A                                     ; None                                                ; 11.888 ns  ; lpm_counter1:inst1|lpm_counter:lpm_counter_component|cntr_5pi:auto_generated|safe_q[1]           ; DataOut[4]  ; clk        ;
; N/A                                     ; None                                                ; 11.887 ns  ; cash_line:inst34|lpm_dff2:inst|lpm_ff:lpm_ff_component|dffs[4]                                   ; DataOut[10] ; clk        ;
; N/A                                     ; None                                                ; 11.885 ns  ; cash_line:inst33|lpm_dff2:inst|lpm_ff:lpm_ff_component|dffs[3]                                   ; DataOut[6]  ; clk        ;
; N/A                                     ; None                                                ; 11.880 ns  ; lpm_counter1:inst3|lpm_counter:lpm_counter_component|cntr_5pi:auto_generated|safe_q[0]           ; DataOut[8]  ; clk        ;
; N/A                                     ; None                                                ; 11.877 ns  ; lpm_counter1:inst3|lpm_counter:lpm_counter_component|cntr_5pi:auto_generated|safe_q[3]           ; DataOut[1]  ; clk        ;
; N/A                                     ; None                                                ; 11.864 ns  ; lpm_counter1:inst1|lpm_counter:lpm_counter_component|cntr_5pi:auto_generated|safe_q[1]           ; DataOut[10] ; clk        ;
; N/A                                     ; None                                                ; 11.862 ns  ; lpm_counter1:inst3|lpm_counter:lpm_counter_component|cntr_5pi:auto_generated|safe_q[0]           ; DataOut[4]  ; clk        ;
; N/A                                     ; None                                                ; 11.860 ns  ; cash_line:inst33|lpm_dff2:inst|lpm_ff:lpm_ff_component|dffs[1]                                   ; DataOut[0]  ; clk        ;
; N/A                                     ; None                                                ; 11.856 ns  ; lpm_counter1:inst3|lpm_counter:lpm_counter_component|cntr_5pi:auto_generated|safe_q[2]           ; DataOut[2]  ; clk        ;
; N/A                                     ; None                                                ; 11.854 ns  ; lpm_counter1:inst|lpm_counter:lpm_counter_component|cntr_5pi:auto_generated|safe_q[0]            ; DataOut[8]  ; clk        ;
; N/A                                     ; None                                                ; 11.851 ns  ; lpm_counter1:inst|lpm_counter:lpm_counter_component|cntr_5pi:auto_generated|safe_q[3]            ; DataOut[8]  ; clk        ;
; N/A                                     ; None                                                ; 11.847 ns  ; lpm_counter1:inst3|lpm_counter:lpm_counter_component|cntr_5pi:auto_generated|safe_q[3]~DUPLICATE ; DataOut[5]  ; clk        ;
; N/A                                     ; None                                                ; 11.844 ns  ; cash_line:inst34|lpm_dff2:inst|lpm_ff:lpm_ff_component|dffs[1]                                   ; DataOut[8]  ; clk        ;
; N/A                                     ; None                                                ; 11.843 ns  ; cash_line:inst33|lpm_dff2:inst|lpm_ff:lpm_ff_component|dffs[1]                                   ; DataOut[12] ; clk        ;
; N/A                                     ; None                                                ; 11.838 ns  ; lpm_counter1:inst3|lpm_counter:lpm_counter_component|cntr_5pi:auto_generated|safe_q[0]           ; DataOut[10] ; clk        ;
; N/A                                     ; None                                                ; 11.836 ns  ; lpm_counter1:inst|lpm_counter:lpm_counter_component|cntr_5pi:auto_generated|safe_q[0]            ; DataOut[4]  ; clk        ;
; N/A                                     ; None                                                ; 11.833 ns  ; lpm_counter1:inst|lpm_counter:lpm_counter_component|cntr_5pi:auto_generated|safe_q[3]            ; DataOut[4]  ; clk        ;
; N/A                                     ; None                                                ; 11.831 ns  ; lpm_counter1:inst1|lpm_counter:lpm_counter_component|cntr_5pi:auto_generated|safe_q[2]           ; DataOut[5]  ; clk        ;
; N/A                                     ; None                                                ; 11.826 ns  ; cash_line:inst34|lpm_dff2:inst|lpm_ff:lpm_ff_component|dffs[1]                                   ; DataOut[4]  ; clk        ;
; N/A                                     ; None                                                ; 11.812 ns  ; lpm_counter1:inst|lpm_counter:lpm_counter_component|cntr_5pi:auto_generated|safe_q[0]            ; DataOut[10] ; clk        ;
; N/A                                     ; None                                                ; 11.809 ns  ; lpm_counter1:inst|lpm_counter:lpm_counter_component|cntr_5pi:auto_generated|safe_q[3]            ; DataOut[10] ; clk        ;
; N/A                                     ; None                                                ; 11.808 ns  ; lpm_counter1:inst|lpm_counter:lpm_counter_component|cntr_5pi:auto_generated|safe_q[3]~DUPLICATE  ; DataOut[5]  ; clk        ;
; N/A                                     ; None                                                ; 11.804 ns  ; lpm_counter1:inst1|lpm_counter:lpm_counter_component|cntr_5pi:auto_generated|safe_q[3]~DUPLICATE ; DataOut[8]  ; clk        ;
; N/A                                     ; None                                                ; 11.802 ns  ; cash_line:inst34|lpm_dff2:inst|lpm_ff:lpm_ff_component|dffs[1]                                   ; DataOut[10] ; clk        ;
; N/A                                     ; None                                                ; 11.795 ns  ; lpm_counter1:inst2|lpm_counter:lpm_counter_component|cntr_5pi:auto_generated|safe_q[1]~DUPLICATE ; DataOut[2]  ; clk        ;
; N/A                                     ; None                                                ; 11.792 ns  ; lpm_counter1:inst|lpm_counter:lpm_counter_component|cntr_5pi:auto_generated|safe_q[1]~DUPLICATE  ; DataOut[8]  ; clk        ;
; N/A                                     ; None                                                ; 11.790 ns  ; lpm_counter1:inst2|lpm_counter:lpm_counter_component|cntr_5pi:auto_generated|safe_q[1]           ; DataOut[8]  ; clk        ;
; N/A                                     ; None                                                ; 11.789 ns  ; lpm_counter1:inst3|lpm_counter:lpm_counter_component|cntr_5pi:auto_generated|safe_q[1]           ; DataOut[2]  ; clk        ;
; N/A                                     ; None                                                ; 11.788 ns  ; lpm_counter1:inst2|lpm_counter:lpm_counter_component|cntr_5pi:auto_generated|safe_q[2]           ; DataOut[1]  ; clk        ;
; N/A                                     ; None                                                ; 11.786 ns  ; lpm_counter1:inst1|lpm_counter:lpm_counter_component|cntr_5pi:auto_generated|safe_q[3]~DUPLICATE ; DataOut[4]  ; clk        ;
; N/A                                     ; None                                                ; 11.785 ns  ; lpm_counter1:inst1|lpm_counter:lpm_counter_component|cntr_5pi:auto_generated|safe_q[0]           ; DataOut[8]  ; clk        ;
; N/A                                     ; None                                                ; 11.778 ns  ; cash_line:inst33|lpm_dff2:inst|lpm_ff:lpm_ff_component|dffs[3]                                   ; DataOut[0]  ; clk        ;
; N/A                                     ; None                                                ; 11.774 ns  ; lpm_counter1:inst|lpm_counter:lpm_counter_component|cntr_5pi:auto_generated|safe_q[1]~DUPLICATE  ; DataOut[4]  ; clk        ;
; N/A                                     ; None                                                ; 11.772 ns  ; lpm_counter1:inst2|lpm_counter:lpm_counter_component|cntr_5pi:auto_generated|safe_q[1]           ; DataOut[4]  ; clk        ;
; N/A                                     ; None                                                ; 11.767 ns  ; lpm_counter1:inst1|lpm_counter:lpm_counter_component|cntr_5pi:auto_generated|safe_q[0]           ; DataOut[4]  ; clk        ;
; N/A                                     ; None                                                ; 11.766 ns  ; lpm_counter1:inst|lpm_counter:lpm_counter_component|cntr_5pi:auto_generated|safe_q[2]            ; DataOut[2]  ; clk        ;
; N/A                                     ; None                                                ; 11.762 ns  ; lpm_counter1:inst1|lpm_counter:lpm_counter_component|cntr_5pi:auto_generated|safe_q[3]~DUPLICATE ; DataOut[10] ; clk        ;
; N/A                                     ; None                                                ; 11.761 ns  ; cash_line:inst33|lpm_dff2:inst|lpm_ff:lpm_ff_component|dffs[3]                                   ; DataOut[12] ; clk        ;
; N/A                                     ; None                                                ; 11.753 ns  ; cash_line:inst34|lpm_dff2:inst|lpm_ff:lpm_ff_component|dffs[0]                                   ; DataOut[8]  ; clk        ;
; N/A                                     ; None                                                ; 11.750 ns  ; lpm_counter1:inst|lpm_counter:lpm_counter_component|cntr_5pi:auto_generated|safe_q[1]~DUPLICATE  ; DataOut[10] ; clk        ;
; N/A                                     ; None                                                ; 11.748 ns  ; lpm_counter1:inst2|lpm_counter:lpm_counter_component|cntr_5pi:auto_generated|safe_q[1]           ; DataOut[10] ; clk        ;
; N/A                                     ; None                                                ; 11.745 ns  ; cash_line:inst33|lpm_dff2:inst|lpm_ff:lpm_ff_component|dffs[4]                                   ; DataOut[10] ; clk        ;
; N/A                                     ; None                                                ; 11.743 ns  ; lpm_counter1:inst1|lpm_counter:lpm_counter_component|cntr_5pi:auto_generated|safe_q[0]           ; DataOut[10] ; clk        ;
; N/A                                     ; None                                                ; 11.739 ns  ; lpm_counter1:inst3|lpm_counter:lpm_counter_component|cntr_5pi:auto_generated|safe_q[2]           ; DataOut[5]  ; clk        ;
; N/A                                     ; None                                                ; 11.736 ns  ; lpm_counter1:inst2|lpm_counter:lpm_counter_component|cntr_5pi:auto_generated|safe_q[0]           ; DataOut[8]  ; clk        ;
; N/A                                     ; None                                                ; 11.735 ns  ; cash_line:inst34|lpm_dff2:inst|lpm_ff:lpm_ff_component|dffs[0]                                   ; DataOut[4]  ; clk        ;
; N/A                                     ; None                                                ; 11.718 ns  ; lpm_counter1:inst2|lpm_counter:lpm_counter_component|cntr_5pi:auto_generated|safe_q[0]           ; DataOut[4]  ; clk        ;
; N/A                                     ; None                                                ; 11.713 ns  ; lpm_counter1:inst3|lpm_counter:lpm_counter_component|cntr_5pi:auto_generated|safe_q[3]~DUPLICATE ; DataOut[1]  ; clk        ;
; N/A                                     ; None                                                ; 11.711 ns  ; cash_line:inst34|lpm_dff2:inst|lpm_ff:lpm_ff_component|dffs[0]                                   ; DataOut[10] ; clk        ;
; N/A                                     ; None                                                ; 11.705 ns  ; cash_line:inst33|lpm_dff2:inst|lpm_ff:lpm_ff_component|dffs[2]                                   ; DataOut[10] ; clk        ;
; N/A                                     ; None                                                ; 11.697 ns  ; lpm_counter1:inst1|lpm_counter:lpm_counter_component|cntr_5pi:auto_generated|safe_q[2]           ; DataOut[1]  ; clk        ;
; N/A                                     ; None                                                ; 11.696 ns  ; cash_line:inst32|lpm_dff2:inst|lpm_ff:lpm_ff_component|dffs[1]                                   ; DataOut[2]  ; clk        ;
; Timing analysis restricted to 200 rows. ; To change the limit use Settings (Assignments menu) ;            ;                                                                                                  ;             ;            ;
+-----------------------------------------+-----------------------------------------------------+------------+--------------------------------------------------------------------------------------------------+-------------+------------+


+-----------------------------------------------------------------------+
; tpd                                                                   ;
+-------+-------------------+-----------------+-----------+-------------+
; Slack ; Required P2P Time ; Actual P2P Time ; From      ; To          ;
+-------+-------------------+-----------------+-----------+-------------+
; N/A   ; None              ; 15.822 ns       ; Tag[1]    ; DataOut[0]  ;
; N/A   ; None              ; 15.803 ns       ; Tag[3]    ; DataOut[0]  ;
; N/A   ; None              ; 15.684 ns       ; Tag[4]    ; DataOut[0]  ;
; N/A   ; None              ; 15.612 ns       ; Tag[0]    ; DataOut[0]  ;
; N/A   ; None              ; 15.612 ns       ; Tag[2]    ; DataOut[0]  ;
; N/A   ; None              ; 15.339 ns       ; Tag[1]    ; DataOut[12] ;
; N/A   ; None              ; 15.320 ns       ; Tag[3]    ; DataOut[12] ;
; N/A   ; None              ; 15.296 ns       ; Tag[1]    ; DataOut[6]  ;
; N/A   ; None              ; 15.288 ns       ; Tag[3]    ; DataOut[6]  ;
; N/A   ; None              ; 15.201 ns       ; Tag[4]    ; DataOut[12] ;
; N/A   ; None              ; 15.158 ns       ; Tag[4]    ; DataOut[6]  ;
; N/A   ; None              ; 15.129 ns       ; Tag[0]    ; DataOut[12] ;
; N/A   ; None              ; 15.129 ns       ; Tag[2]    ; DataOut[12] ;
; N/A   ; None              ; 15.086 ns       ; Tag[0]    ; DataOut[6]  ;
; N/A   ; None              ; 15.086 ns       ; Tag[2]    ; DataOut[6]  ;
; N/A   ; None              ; 14.959 ns       ; Tag[3]    ; DataOut[8]  ;
; N/A   ; None              ; 14.863 ns       ; Tag[1]    ; DataOut[8]  ;
; N/A   ; None              ; 14.827 ns       ; Tag[1]    ; DataOut[4]  ;
; N/A   ; None              ; 14.821 ns       ; Tag[3]    ; DataOut[4]  ;
; N/A   ; None              ; 14.803 ns       ; Tag[1]    ; DataOut[10] ;
; N/A   ; None              ; 14.784 ns       ; Tag[3]    ; DataOut[10] ;
; N/A   ; None              ; 14.707 ns       ; Tag[4]    ; DataOut[8]  ;
; N/A   ; None              ; 14.692 ns       ; Tag[3]    ; DataOut[2]  ;
; N/A   ; None              ; 14.689 ns       ; Tag[4]    ; DataOut[4]  ;
; N/A   ; None              ; 14.665 ns       ; Tag[4]    ; DataOut[10] ;
; N/A   ; None              ; 14.635 ns       ; Tag[0]    ; DataOut[8]  ;
; N/A   ; None              ; 14.635 ns       ; Tag[2]    ; DataOut[8]  ;
; N/A   ; None              ; 14.617 ns       ; Tag[0]    ; DataOut[4]  ;
; N/A   ; None              ; 14.617 ns       ; Tag[2]    ; DataOut[4]  ;
; N/A   ; None              ; 14.596 ns       ; Tag[1]    ; DataOut[2]  ;
; N/A   ; None              ; 14.593 ns       ; Tag[0]    ; DataOut[10] ;
; N/A   ; None              ; 14.593 ns       ; Tag[2]    ; DataOut[10] ;
; N/A   ; None              ; 14.441 ns       ; Tag[1]    ; DataOut[5]  ;
; N/A   ; None              ; 14.422 ns       ; Tag[3]    ; DataOut[5]  ;
; N/A   ; None              ; 14.420 ns       ; Tag[4]    ; DataOut[2]  ;
; N/A   ; None              ; 14.368 ns       ; Tag[2]    ; DataOut[2]  ;
; N/A   ; None              ; 14.348 ns       ; Tag[0]    ; DataOut[2]  ;
; N/A   ; None              ; 14.307 ns       ; Tag[1]    ; DataOut[1]  ;
; N/A   ; None              ; 14.303 ns       ; Tag[4]    ; DataOut[5]  ;
; N/A   ; None              ; 14.288 ns       ; Tag[3]    ; DataOut[1]  ;
; N/A   ; None              ; 14.231 ns       ; Tag[0]    ; DataOut[5]  ;
; N/A   ; None              ; 14.231 ns       ; Tag[2]    ; DataOut[5]  ;
; N/A   ; None              ; 14.169 ns       ; Tag[4]    ; DataOut[1]  ;
; N/A   ; None              ; 14.097 ns       ; Tag[0]    ; DataOut[1]  ;
; N/A   ; None              ; 14.097 ns       ; Tag[2]    ; DataOut[1]  ;
; N/A   ; None              ; 13.619 ns       ; Tag[3]    ; DataOut[3]  ;
; N/A   ; None              ; 13.523 ns       ; Tag[1]    ; DataOut[3]  ;
; N/A   ; None              ; 13.347 ns       ; Tag[4]    ; DataOut[3]  ;
; N/A   ; None              ; 13.295 ns       ; Tag[2]    ; DataOut[3]  ;
; N/A   ; None              ; 13.275 ns       ; Tag[0]    ; DataOut[3]  ;
; N/A   ; None              ; 13.225 ns       ; Tag[1]    ; DataOut[9]  ;
; N/A   ; None              ; 13.206 ns       ; Tag[3]    ; DataOut[9]  ;
; N/A   ; None              ; 13.124 ns       ; Tag[1]    ; DataOut[7]  ;
; N/A   ; None              ; 13.105 ns       ; Tag[3]    ; DataOut[7]  ;
; N/A   ; None              ; 13.087 ns       ; Tag[4]    ; DataOut[9]  ;
; N/A   ; None              ; 13.015 ns       ; Tag[0]    ; DataOut[9]  ;
; N/A   ; None              ; 13.015 ns       ; Tag[2]    ; DataOut[9]  ;
; N/A   ; None              ; 12.986 ns       ; Tag[4]    ; DataOut[7]  ;
; N/A   ; None              ; 12.914 ns       ; Tag[0]    ; DataOut[7]  ;
; N/A   ; None              ; 12.914 ns       ; Tag[2]    ; DataOut[7]  ;
; N/A   ; None              ; 12.740 ns       ; Tag[1]    ; DataOut[11] ;
; N/A   ; None              ; 12.721 ns       ; Tag[3]    ; DataOut[11] ;
; N/A   ; None              ; 12.637 ns       ; Tag[1]    ; fullWR3     ;
; N/A   ; None              ; 12.602 ns       ; Tag[4]    ; DataOut[11] ;
; N/A   ; None              ; 12.530 ns       ; Tag[0]    ; DataOut[11] ;
; N/A   ; None              ; 12.530 ns       ; Tag[2]    ; DataOut[11] ;
; N/A   ; None              ; 12.510 ns       ; Tag[1]    ; s[0]        ;
; N/A   ; None              ; 12.491 ns       ; Tag[3]    ; s[0]        ;
; N/A   ; None              ; 12.450 ns       ; Tag[3]    ; fullWR3     ;
; N/A   ; None              ; 12.427 ns       ; Tag[0]    ; fullWR3     ;
; N/A   ; None              ; 12.372 ns       ; Tag[4]    ; s[0]        ;
; N/A   ; None              ; 12.331 ns       ; Tag[4]    ; fullWR3     ;
; N/A   ; None              ; 12.300 ns       ; Tag[0]    ; s[0]        ;
; N/A   ; None              ; 12.300 ns       ; Tag[2]    ; s[0]        ;
; N/A   ; None              ; 12.259 ns       ; Tag[2]    ; fullWR3     ;
; N/A   ; None              ; 12.094 ns       ; Tag[2]    ; fullWR0     ;
; N/A   ; None              ; 12.007 ns       ; Tag[4]    ; fullWR0     ;
; N/A   ; None              ; 12.005 ns       ; Tag[3]    ; s[1]        ;
; N/A   ; None              ; 11.936 ns       ; Tag[1]    ; fullWR1     ;
; N/A   ; None              ; 11.909 ns       ; Tag[1]    ; s[1]        ;
; N/A   ; None              ; 11.850 ns       ; Tag[3]    ; fullWR0     ;
; N/A   ; None              ; 11.831 ns       ; Tag[4]    ; fullWR1     ;
; N/A   ; None              ; 11.771 ns       ; Tag[3]    ; fullWR2     ;
; N/A   ; None              ; 11.755 ns       ; Tag[2]    ; fullWR1     ;
; N/A   ; None              ; 11.712 ns       ; Tag[4]    ; s[1]        ;
; N/A   ; None              ; 11.681 ns       ; Tag[2]    ; s[1]        ;
; N/A   ; None              ; 11.646 ns       ; Tag[0]    ; fullWR0     ;
; N/A   ; None              ; 11.610 ns       ; Offset[1] ; DataOut[3]  ;
; N/A   ; None              ; 11.592 ns       ; Tag[0]    ; fullWR1     ;
; N/A   ; None              ; 11.506 ns       ; Tag[3]    ; hs[1]       ;
; N/A   ; None              ; 11.447 ns       ; Tag[2]    ; fullWR2     ;
; N/A   ; None              ; 11.410 ns       ; Tag[1]    ; hs[1]       ;
; N/A   ; None              ; 11.325 ns       ; Tag[1]    ; fullWR0     ;
; N/A   ; None              ; 11.324 ns       ; Tag[3]    ; fullWR1     ;
; N/A   ; None              ; 11.295 ns       ; Tag[4]    ; fullWR2     ;
; N/A   ; None              ; 11.290 ns       ; Tag[1]    ; fullWR2     ;
; N/A   ; None              ; 11.249 ns       ; Tag[1]    ; Hit[3]      ;
; N/A   ; None              ; 11.213 ns       ; Tag[4]    ; hs[1]       ;
; N/A   ; None              ; 11.206 ns       ; Tag[0]    ; s[1]        ;
; N/A   ; None              ; 11.182 ns       ; Tag[2]    ; hs[1]       ;
; N/A   ; None              ; 11.132 ns       ; Offset[1] ; DataOut[1]  ;
; N/A   ; None              ; 11.107 ns       ; Offset[1] ; DataOut[9]  ;
; N/A   ; None              ; 11.101 ns       ; Offset[0] ; DataOut[9]  ;
; N/A   ; None              ; 11.085 ns       ; Tag[2]    ; cnt_en      ;
; N/A   ; None              ; 11.080 ns       ; Tag[0]    ; fullWR2     ;
; N/A   ; None              ; 11.073 ns       ; Offset[1] ; DataOut[5]  ;
; N/A   ; None              ; 11.062 ns       ; Tag[3]    ; Hit[3]      ;
; N/A   ; None              ; 11.039 ns       ; Tag[0]    ; Hit[3]      ;
; N/A   ; None              ; 11.022 ns       ; Offset[0] ; DataOut[1]  ;
; N/A   ; None              ; 10.998 ns       ; Tag[4]    ; cnt_en      ;
; N/A   ; None              ; 10.948 ns       ; MemWrite  ; fullWR2     ;
; N/A   ; None              ; 10.943 ns       ; Tag[4]    ; Hit[3]      ;
; N/A   ; None              ; 10.930 ns       ; Offset[0] ; DataOut[3]  ;
; N/A   ; None              ; 10.901 ns       ; Offset[1] ; DataOut[7]  ;
; N/A   ; None              ; 10.871 ns       ; Tag[2]    ; Hit[3]      ;
; N/A   ; None              ; 10.841 ns       ; Tag[3]    ; cnt_en      ;
; N/A   ; None              ; 10.826 ns       ; MemWrite  ; fullWR0     ;
; N/A   ; None              ; 10.716 ns       ; Offset[0] ; DataOut[5]  ;
; N/A   ; None              ; 10.707 ns       ; Tag[0]    ; hs[1]       ;
; N/A   ; None              ; 10.691 ns       ; Tag[1]    ; Hit[1]      ;
; N/A   ; None              ; 10.669 ns       ; Tag[1]    ; hs[0]       ;
; N/A   ; None              ; 10.650 ns       ; Tag[3]    ; hs[0]       ;
; N/A   ; None              ; 10.638 ns       ; MemWrite  ; fullWR3     ;
; N/A   ; None              ; 10.637 ns       ; Tag[0]    ; cnt_en      ;
; N/A   ; None              ; 10.609 ns       ; Offset[1] ; DataOut[0]  ;
; N/A   ; None              ; 10.586 ns       ; Tag[4]    ; Hit[1]      ;
; N/A   ; None              ; 10.557 ns       ; Offset[0] ; DataOut[11] ;
; N/A   ; None              ; 10.544 ns       ; Tag[2]    ; Hit[0]      ;
; N/A   ; None              ; 10.531 ns       ; Tag[4]    ; hs[0]       ;
; N/A   ; None              ; 10.510 ns       ; Tag[2]    ; Hit[1]      ;
; N/A   ; None              ; 10.503 ns       ; Offset[1] ; DataOut[11] ;
; N/A   ; None              ; 10.459 ns       ; Tag[0]    ; hs[0]       ;
; N/A   ; None              ; 10.459 ns       ; Tag[2]    ; hs[0]       ;
; N/A   ; None              ; 10.457 ns       ; Tag[4]    ; Hit[0]      ;
; N/A   ; None              ; 10.437 ns       ; MemWrite  ; fullWR1     ;
; N/A   ; None              ; 10.347 ns       ; Tag[0]    ; Hit[1]      ;
; N/A   ; None              ; 10.316 ns       ; Tag[1]    ; cnt_en      ;
; N/A   ; None              ; 10.300 ns       ; Tag[3]    ; Hit[0]      ;
; N/A   ; None              ; 10.181 ns       ; Offset[0] ; DataOut[7]  ;
; N/A   ; None              ; 10.162 ns       ; Offset[1] ; DataOut[8]  ;
; N/A   ; None              ; 10.096 ns       ; Tag[0]    ; Hit[0]      ;
; N/A   ; None              ; 10.079 ns       ; Tag[3]    ; Hit[1]      ;
; N/A   ; None              ; 9.934 ns        ; Tag[3]    ; Hit[2]      ;
; N/A   ; None              ; 9.775 ns        ; Tag[1]    ; Hit[0]      ;
; N/A   ; None              ; 9.770 ns        ; Offset[0] ; DataOut[0]  ;
; N/A   ; None              ; 9.767 ns        ; Offset[1] ; DataOut[12] ;
; N/A   ; None              ; 9.740 ns        ; Offset[1] ; DataOut[4]  ;
; N/A   ; None              ; 9.642 ns        ; Offset[1] ; DataOut[10] ;
; N/A   ; None              ; 9.610 ns        ; Tag[2]    ; Hit[2]      ;
; N/A   ; None              ; 9.493 ns        ; Offset[1] ; DataOut[6]  ;
; N/A   ; None              ; 9.458 ns        ; Tag[4]    ; Hit[2]      ;
; N/A   ; None              ; 9.453 ns        ; Tag[1]    ; Hit[2]      ;
; N/A   ; None              ; 9.429 ns        ; Offset[1] ; DataOut[2]  ;
; N/A   ; None              ; 9.405 ns        ; Offset[0] ; DataOut[12] ;
; N/A   ; None              ; 9.334 ns        ; Offset[0] ; DataOut[8]  ;
; N/A   ; None              ; 9.330 ns        ; Offset[0] ; DataOut[10] ;
; N/A   ; None              ; 9.306 ns        ; Offset[0] ; DataOut[4]  ;
; N/A   ; None              ; 9.243 ns        ; Tag[0]    ; Hit[2]      ;
; N/A   ; None              ; 8.907 ns        ; Offset[0] ; DataOut[2]  ;
; N/A   ; None              ; 8.881 ns        ; Offset[0] ; DataOut[6]  ;
+-------+-------------------+-----------------+-----------+-------------+


+----------------------------------------------------------------------------------------------------------------------------------------------------------------------------------------------------+
; th                                                                                                                                                                                                 ;
+-----------------------------------------+-----------------------------------------------------+-----------+----------+------------------------------------------------------------------+----------+
; Minimum Slack                           ; Required th                                         ; Actual th ; From     ; To                                                               ; To Clock ;
+-----------------------------------------+-----------------------------------------------------+-----------+----------+------------------------------------------------------------------+----------+
; N/A                                     ; None                                                ; 0.315 ns  ; Data[10] ; cash_line:inst33|lpm_dff3:inst1|lpm_ff:lpm_ff_component|dffs[10] ; clk      ;
; N/A                                     ; None                                                ; 0.018 ns  ; Data[10] ; cash_line:inst33|lpm_dff3:inst4|lpm_ff:lpm_ff_component|dffs[10] ; clk      ;
; N/A                                     ; None                                                ; -0.011 ns ; Data[10] ; cash_line:inst32|lpm_dff3:inst3|lpm_ff:lpm_ff_component|dffs[10] ; clk      ;
; N/A                                     ; None                                                ; -0.017 ns ; Data[10] ; cash_line:inst32|lpm_dff3:inst1|lpm_ff:lpm_ff_component|dffs[10] ; clk      ;
; N/A                                     ; None                                                ; -0.018 ns ; Data[10] ; cash_line:inst34|lpm_dff3:inst1|lpm_ff:lpm_ff_component|dffs[10] ; clk      ;
; N/A                                     ; None                                                ; -0.085 ns ; Data[10] ; cash_line:inst31|lpm_dff3:inst4|lpm_ff:lpm_ff_component|dffs[10] ; clk      ;
; N/A                                     ; None                                                ; -0.157 ns ; Data[10] ; cash_line:inst32|lpm_dff3:inst4|lpm_ff:lpm_ff_component|dffs[10] ; clk      ;
; N/A                                     ; None                                                ; -2.410 ns ; Data[3]  ; cash_line:inst32|lpm_dff3:inst4|lpm_ff:lpm_ff_component|dffs[3]  ; clk      ;
; N/A                                     ; None                                                ; -2.435 ns ; Data[3]  ; cash_line:inst33|lpm_dff3:inst4|lpm_ff:lpm_ff_component|dffs[3]  ; clk      ;
; N/A                                     ; None                                                ; -2.440 ns ; Data[4]  ; cash_line:inst31|lpm_dff3:inst2|lpm_ff:lpm_ff_component|dffs[4]  ; clk      ;
; N/A                                     ; None                                                ; -2.494 ns ; Data[5]  ; cash_line:inst34|lpm_dff3:inst4|lpm_ff:lpm_ff_component|dffs[5]  ; clk      ;
; N/A                                     ; None                                                ; -2.495 ns ; Data[5]  ; cash_line:inst34|lpm_dff3:inst3|lpm_ff:lpm_ff_component|dffs[5]  ; clk      ;
; N/A                                     ; None                                                ; -2.496 ns ; Data[5]  ; cash_line:inst33|lpm_dff3:inst2|lpm_ff:lpm_ff_component|dffs[5]  ; clk      ;
; N/A                                     ; None                                                ; -2.500 ns ; Data[5]  ; cash_line:inst34|lpm_dff3:inst2|lpm_ff:lpm_ff_component|dffs[5]  ; clk      ;
; N/A                                     ; None                                                ; -2.542 ns ; Data[9]  ; cash_line:inst32|lpm_dff3:inst1|lpm_ff:lpm_ff_component|dffs[9]  ; clk      ;
; N/A                                     ; None                                                ; -2.546 ns ; Data[10] ; cash_line:inst31|lpm_dff3:inst1|lpm_ff:lpm_ff_component|dffs[10] ; clk      ;
; N/A                                     ; None                                                ; -2.548 ns ; Data[11] ; cash_line:inst32|lpm_dff3:inst3|lpm_ff:lpm_ff_component|dffs[11] ; clk      ;
; N/A                                     ; None                                                ; -2.549 ns ; Data[1]  ; cash_line:inst32|lpm_dff3:inst4|lpm_ff:lpm_ff_component|dffs[1]  ; clk      ;
; N/A                                     ; None                                                ; -2.550 ns ; Data[11] ; cash_line:inst32|lpm_dff3:inst4|lpm_ff:lpm_ff_component|dffs[11] ; clk      ;
; N/A                                     ; None                                                ; -2.552 ns ; Data[1]  ; cash_line:inst33|lpm_dff3:inst4|lpm_ff:lpm_ff_component|dffs[1]  ; clk      ;
; N/A                                     ; None                                                ; -2.594 ns ; Data[4]  ; cash_line:inst33|lpm_dff3:inst1|lpm_ff:lpm_ff_component|dffs[4]  ; clk      ;
; N/A                                     ; None                                                ; -2.597 ns ; Data[10] ; cash_line:inst32|lpm_dff3:inst2|lpm_ff:lpm_ff_component|dffs[10] ; clk      ;
; N/A                                     ; None                                                ; -2.617 ns ; Data[11] ; cash_line:inst31|lpm_dff3:inst4|lpm_ff:lpm_ff_component|dffs[11] ; clk      ;
; N/A                                     ; None                                                ; -2.619 ns ; Data[11] ; cash_line:inst31|lpm_dff3:inst3|lpm_ff:lpm_ff_component|dffs[11] ; clk      ;
; N/A                                     ; None                                                ; -2.621 ns ; Data[5]  ; cash_line:inst32|lpm_dff3:inst4|lpm_ff:lpm_ff_component|dffs[5]  ; clk      ;
; N/A                                     ; None                                                ; -2.622 ns ; Data[9]  ; cash_line:inst32|lpm_dff3:inst3|lpm_ff:lpm_ff_component|dffs[9]  ; clk      ;
; N/A                                     ; None                                                ; -2.624 ns ; Data[5]  ; cash_line:inst32|lpm_dff3:inst3|lpm_ff:lpm_ff_component|dffs[5]  ; clk      ;
; N/A                                     ; None                                                ; -2.625 ns ; Data[9]  ; cash_line:inst32|lpm_dff3:inst4|lpm_ff:lpm_ff_component|dffs[9]  ; clk      ;
; N/A                                     ; None                                                ; -2.638 ns ; Data[11] ; cash_line:inst33|lpm_dff3:inst4|lpm_ff:lpm_ff_component|dffs[11] ; clk      ;
; N/A                                     ; None                                                ; -2.660 ns ; Data[6]  ; cash_line:inst31|lpm_dff3:inst4|lpm_ff:lpm_ff_component|dffs[6]  ; clk      ;
; N/A                                     ; None                                                ; -2.662 ns ; Data[6]  ; cash_line:inst32|lpm_dff3:inst3|lpm_ff:lpm_ff_component|dffs[6]  ; clk      ;
; N/A                                     ; None                                                ; -2.663 ns ; Data[8]  ; cash_line:inst31|lpm_dff3:inst2|lpm_ff:lpm_ff_component|dffs[8]  ; clk      ;
; N/A                                     ; None                                                ; -2.693 ns ; Data[9]  ; cash_line:inst31|lpm_dff3:inst4|lpm_ff:lpm_ff_component|dffs[9]  ; clk      ;
; N/A                                     ; None                                                ; -2.695 ns ; Data[10] ; cash_line:inst31|lpm_dff3:inst2|lpm_ff:lpm_ff_component|dffs[10] ; clk      ;
; N/A                                     ; None                                                ; -2.701 ns ; Data[11] ; cash_line:inst34|lpm_dff3:inst1|lpm_ff:lpm_ff_component|dffs[11] ; clk      ;
; N/A                                     ; None                                                ; -2.702 ns ; Data[4]  ; cash_line:inst33|lpm_dff3:inst2|lpm_ff:lpm_ff_component|dffs[4]  ; clk      ;
; N/A                                     ; None                                                ; -2.702 ns ; Data[11] ; cash_line:inst31|lpm_dff3:inst1|lpm_ff:lpm_ff_component|dffs[11] ; clk      ;
; N/A                                     ; None                                                ; -2.702 ns ; Data[11] ; cash_line:inst32|lpm_dff3:inst1|lpm_ff:lpm_ff_component|dffs[11] ; clk      ;
; N/A                                     ; None                                                ; -2.703 ns ; Data[4]  ; cash_line:inst31|lpm_dff3:inst3|lpm_ff:lpm_ff_component|dffs[4]  ; clk      ;
; N/A                                     ; None                                                ; -2.705 ns ; Data[6]  ; cash_line:inst34|lpm_dff3:inst4|lpm_ff:lpm_ff_component|dffs[6]  ; clk      ;
; N/A                                     ; None                                                ; -2.718 ns ; Data[5]  ; cash_line:inst31|lpm_dff3:inst2|lpm_ff:lpm_ff_component|dffs[5]  ; clk      ;
; N/A                                     ; None                                                ; -2.725 ns ; Data[6]  ; cash_line:inst33|lpm_dff3:inst4|lpm_ff:lpm_ff_component|dffs[6]  ; clk      ;
; N/A                                     ; None                                                ; -2.727 ns ; Data[8]  ; cash_line:inst32|lpm_dff3:inst2|lpm_ff:lpm_ff_component|dffs[8]  ; clk      ;
; N/A                                     ; None                                                ; -2.731 ns ; Data[3]  ; cash_line:inst31|lpm_dff3:inst4|lpm_ff:lpm_ff_component|dffs[3]  ; clk      ;
; N/A                                     ; None                                                ; -2.732 ns ; Data[6]  ; cash_line:inst32|lpm_dff3:inst4|lpm_ff:lpm_ff_component|dffs[6]  ; clk      ;
; N/A                                     ; None                                                ; -2.744 ns ; Data[6]  ; cash_line:inst33|lpm_dff3:inst3|lpm_ff:lpm_ff_component|dffs[6]  ; clk      ;
; N/A                                     ; None                                                ; -2.751 ns ; Data[1]  ; cash_line:inst34|lpm_dff3:inst4|lpm_ff:lpm_ff_component|dffs[1]  ; clk      ;
; N/A                                     ; None                                                ; -2.760 ns ; Data[4]  ; cash_line:inst31|lpm_dff3:inst4|lpm_ff:lpm_ff_component|dffs[4]  ; clk      ;
; N/A                                     ; None                                                ; -2.761 ns ; Data[8]  ; cash_line:inst33|lpm_dff3:inst2|lpm_ff:lpm_ff_component|dffs[8]  ; clk      ;
; N/A                                     ; None                                                ; -2.772 ns ; Data[6]  ; cash_line:inst31|lpm_dff3:inst2|lpm_ff:lpm_ff_component|dffs[6]  ; clk      ;
; N/A                                     ; None                                                ; -2.773 ns ; Data[12] ; cash_line:inst33|lpm_dff3:inst1|lpm_ff:lpm_ff_component|dffs[12] ; clk      ;
; N/A                                     ; None                                                ; -2.776 ns ; Data[6]  ; cash_line:inst32|lpm_dff3:inst2|lpm_ff:lpm_ff_component|dffs[6]  ; clk      ;
; N/A                                     ; None                                                ; -2.776 ns ; Data[8]  ; cash_line:inst33|lpm_dff3:inst3|lpm_ff:lpm_ff_component|dffs[8]  ; clk      ;
; N/A                                     ; None                                                ; -2.776 ns ; Data[8]  ; cash_line:inst34|lpm_dff3:inst2|lpm_ff:lpm_ff_component|dffs[8]  ; clk      ;
; N/A                                     ; None                                                ; -2.778 ns ; Data[4]  ; cash_line:inst34|lpm_dff3:inst2|lpm_ff:lpm_ff_component|dffs[4]  ; clk      ;
; N/A                                     ; None                                                ; -2.778 ns ; Data[8]  ; cash_line:inst33|lpm_dff3:inst4|lpm_ff:lpm_ff_component|dffs[8]  ; clk      ;
; N/A                                     ; None                                                ; -2.778 ns ; Data[8]  ; cash_line:inst32|lpm_dff3:inst4|lpm_ff:lpm_ff_component|dffs[8]  ; clk      ;
; N/A                                     ; None                                                ; -2.784 ns ; Data[4]  ; cash_line:inst34|lpm_dff3:inst4|lpm_ff:lpm_ff_component|dffs[4]  ; clk      ;
; N/A                                     ; None                                                ; -2.802 ns ; Data[9]  ; cash_line:inst31|lpm_dff3:inst1|lpm_ff:lpm_ff_component|dffs[9]  ; clk      ;
; N/A                                     ; None                                                ; -2.805 ns ; Data[9]  ; cash_line:inst33|lpm_dff3:inst1|lpm_ff:lpm_ff_component|dffs[9]  ; clk      ;
; N/A                                     ; None                                                ; -2.815 ns ; Data[6]  ; cash_line:inst32|lpm_dff3:inst1|lpm_ff:lpm_ff_component|dffs[6]  ; clk      ;
; N/A                                     ; None                                                ; -2.816 ns ; Data[6]  ; cash_line:inst31|lpm_dff3:inst1|lpm_ff:lpm_ff_component|dffs[6]  ; clk      ;
; N/A                                     ; None                                                ; -2.817 ns ; Data[6]  ; cash_line:inst34|lpm_dff3:inst1|lpm_ff:lpm_ff_component|dffs[6]  ; clk      ;
; N/A                                     ; None                                                ; -2.833 ns ; Data[11] ; cash_line:inst32|lpm_dff3:inst2|lpm_ff:lpm_ff_component|dffs[11] ; clk      ;
; N/A                                     ; None                                                ; -2.834 ns ; Data[4]  ; cash_line:inst32|lpm_dff3:inst4|lpm_ff:lpm_ff_component|dffs[4]  ; clk      ;
; N/A                                     ; None                                                ; -2.837 ns ; Data[6]  ; cash_line:inst31|lpm_dff3:inst3|lpm_ff:lpm_ff_component|dffs[6]  ; clk      ;
; N/A                                     ; None                                                ; -2.838 ns ; Data[9]  ; cash_line:inst31|lpm_dff3:inst3|lpm_ff:lpm_ff_component|dffs[9]  ; clk      ;
; N/A                                     ; None                                                ; -2.841 ns ; Data[1]  ; cash_line:inst31|lpm_dff3:inst4|lpm_ff:lpm_ff_component|dffs[1]  ; clk      ;
; N/A                                     ; None                                                ; -2.846 ns ; Data[1]  ; cash_line:inst34|lpm_dff3:inst3|lpm_ff:lpm_ff_component|dffs[1]  ; clk      ;
; N/A                                     ; None                                                ; -2.846 ns ; Data[12] ; cash_line:inst31|lpm_dff3:inst1|lpm_ff:lpm_ff_component|dffs[12] ; clk      ;
; N/A                                     ; None                                                ; -2.849 ns ; Data[5]  ; cash_line:inst31|lpm_dff3:inst4|lpm_ff:lpm_ff_component|dffs[5]  ; clk      ;
; N/A                                     ; None                                                ; -2.854 ns ; Data[12] ; cash_line:inst32|lpm_dff3:inst3|lpm_ff:lpm_ff_component|dffs[12] ; clk      ;
; N/A                                     ; None                                                ; -2.865 ns ; Data[5]  ; cash_line:inst33|lpm_dff3:inst3|lpm_ff:lpm_ff_component|dffs[5]  ; clk      ;
; N/A                                     ; None                                                ; -2.866 ns ; Data[6]  ; cash_line:inst34|lpm_dff3:inst3|lpm_ff:lpm_ff_component|dffs[6]  ; clk      ;
; N/A                                     ; None                                                ; -2.866 ns ; Data[6]  ; cash_line:inst34|lpm_dff3:inst2|lpm_ff:lpm_ff_component|dffs[6]  ; clk      ;
; N/A                                     ; None                                                ; -2.866 ns ; Data[8]  ; cash_line:inst34|lpm_dff3:inst1|lpm_ff:lpm_ff_component|dffs[8]  ; clk      ;
; N/A                                     ; None                                                ; -2.867 ns ; Data[1]  ; cash_line:inst32|lpm_dff3:inst3|lpm_ff:lpm_ff_component|dffs[1]  ; clk      ;
; N/A                                     ; None                                                ; -2.867 ns ; Data[8]  ; cash_line:inst32|lpm_dff3:inst1|lpm_ff:lpm_ff_component|dffs[8]  ; clk      ;
; N/A                                     ; None                                                ; -2.869 ns ; Data[5]  ; cash_line:inst33|lpm_dff3:inst4|lpm_ff:lpm_ff_component|dffs[5]  ; clk      ;
; N/A                                     ; None                                                ; -2.871 ns ; Data[8]  ; cash_line:inst31|lpm_dff3:inst3|lpm_ff:lpm_ff_component|dffs[8]  ; clk      ;
; N/A                                     ; None                                                ; -2.881 ns ; Data[4]  ; cash_line:inst32|lpm_dff3:inst3|lpm_ff:lpm_ff_component|dffs[4]  ; clk      ;
; N/A                                     ; None                                                ; -2.888 ns ; Data[8]  ; cash_line:inst31|lpm_dff3:inst4|lpm_ff:lpm_ff_component|dffs[8]  ; clk      ;
; N/A                                     ; None                                                ; -2.906 ns ; Data[9]  ; cash_line:inst33|lpm_dff3:inst3|lpm_ff:lpm_ff_component|dffs[9]  ; clk      ;
; N/A                                     ; None                                                ; -2.907 ns ; Data[9]  ; cash_line:inst33|lpm_dff3:inst4|lpm_ff:lpm_ff_component|dffs[9]  ; clk      ;
; N/A                                     ; None                                                ; -2.911 ns ; Data[6]  ; cash_line:inst33|lpm_dff3:inst2|lpm_ff:lpm_ff_component|dffs[6]  ; clk      ;
; N/A                                     ; None                                                ; -2.918 ns ; Data[11] ; cash_line:inst34|lpm_dff3:inst4|lpm_ff:lpm_ff_component|dffs[11] ; clk      ;
; N/A                                     ; None                                                ; -2.921 ns ; Data[9]  ; cash_line:inst33|lpm_dff3:inst2|lpm_ff:lpm_ff_component|dffs[9]  ; clk      ;
; N/A                                     ; None                                                ; -2.926 ns ; Data[12] ; cash_line:inst32|lpm_dff3:inst4|lpm_ff:lpm_ff_component|dffs[12] ; clk      ;
; N/A                                     ; None                                                ; -2.927 ns ; Data[12] ; cash_line:inst33|lpm_dff3:inst4|lpm_ff:lpm_ff_component|dffs[12] ; clk      ;
; N/A                                     ; None                                                ; -2.933 ns ; Data[8]  ; cash_line:inst32|lpm_dff3:inst3|lpm_ff:lpm_ff_component|dffs[8]  ; clk      ;
; N/A                                     ; None                                                ; -2.936 ns ; Data[6]  ; cash_line:inst33|lpm_dff3:inst1|lpm_ff:lpm_ff_component|dffs[6]  ; clk      ;
; N/A                                     ; None                                                ; -2.936 ns ; Data[9]  ; cash_line:inst34|lpm_dff3:inst4|lpm_ff:lpm_ff_component|dffs[9]  ; clk      ;
; N/A                                     ; None                                                ; -2.939 ns ; Data[4]  ; cash_line:inst34|lpm_dff3:inst1|lpm_ff:lpm_ff_component|dffs[4]  ; clk      ;
; N/A                                     ; None                                                ; -2.939 ns ; Data[10] ; cash_line:inst33|lpm_dff3:inst2|lpm_ff:lpm_ff_component|dffs[10] ; clk      ;
; N/A                                     ; None                                                ; -2.944 ns ; Data[1]  ; cash_line:inst31|lpm_dff3:inst1|lpm_ff:lpm_ff_component|dffs[1]  ; clk      ;
; N/A                                     ; None                                                ; -2.947 ns ; Data[1]  ; cash_line:inst32|lpm_dff3:inst2|lpm_ff:lpm_ff_component|dffs[1]  ; clk      ;
; N/A                                     ; None                                                ; -2.947 ns ; Data[2]  ; cash_line:inst31|lpm_dff3:inst2|lpm_ff:lpm_ff_component|dffs[2]  ; clk      ;
; N/A                                     ; None                                                ; -2.950 ns ; Data[8]  ; cash_line:inst34|lpm_dff3:inst4|lpm_ff:lpm_ff_component|dffs[8]  ; clk      ;
; N/A                                     ; None                                                ; -2.952 ns ; Data[1]  ; cash_line:inst33|lpm_dff3:inst3|lpm_ff:lpm_ff_component|dffs[1]  ; clk      ;
; N/A                                     ; None                                                ; -2.953 ns ; Data[1]  ; cash_line:inst34|lpm_dff3:inst1|lpm_ff:lpm_ff_component|dffs[1]  ; clk      ;
; N/A                                     ; None                                                ; -2.955 ns ; Data[1]  ; cash_line:inst33|lpm_dff3:inst1|lpm_ff:lpm_ff_component|dffs[1]  ; clk      ;
; N/A                                     ; None                                                ; -2.960 ns ; Data[4]  ; cash_line:inst33|lpm_dff3:inst4|lpm_ff:lpm_ff_component|dffs[4]  ; clk      ;
; N/A                                     ; None                                                ; -2.968 ns ; Data[1]  ; cash_line:inst32|lpm_dff3:inst1|lpm_ff:lpm_ff_component|dffs[1]  ; clk      ;
; N/A                                     ; None                                                ; -2.968 ns ; Data[11] ; cash_line:inst34|lpm_dff3:inst3|lpm_ff:lpm_ff_component|dffs[11] ; clk      ;
; N/A                                     ; None                                                ; -2.968 ns ; Data[11] ; cash_line:inst34|lpm_dff3:inst2|lpm_ff:lpm_ff_component|dffs[11] ; clk      ;
; N/A                                     ; None                                                ; -2.980 ns ; Data[11] ; cash_line:inst33|lpm_dff3:inst2|lpm_ff:lpm_ff_component|dffs[11] ; clk      ;
; N/A                                     ; None                                                ; -2.981 ns ; Data[11] ; cash_line:inst33|lpm_dff3:inst1|lpm_ff:lpm_ff_component|dffs[11] ; clk      ;
; N/A                                     ; None                                                ; -2.983 ns ; Data[1]  ; cash_line:inst31|lpm_dff3:inst2|lpm_ff:lpm_ff_component|dffs[1]  ; clk      ;
; N/A                                     ; None                                                ; -2.986 ns ; Data[3]  ; cash_line:inst33|lpm_dff3:inst2|lpm_ff:lpm_ff_component|dffs[3]  ; clk      ;
; N/A                                     ; None                                                ; -2.988 ns ; Data[9]  ; cash_line:inst32|lpm_dff3:inst2|lpm_ff:lpm_ff_component|dffs[9]  ; clk      ;
; N/A                                     ; None                                                ; -2.990 ns ; Data[2]  ; cash_line:inst31|lpm_dff3:inst1|lpm_ff:lpm_ff_component|dffs[2]  ; clk      ;
; N/A                                     ; None                                                ; -2.990 ns ; Data[11] ; cash_line:inst33|lpm_dff3:inst3|lpm_ff:lpm_ff_component|dffs[11] ; clk      ;
; N/A                                     ; None                                                ; -2.991 ns ; Tag[4]   ; cash_line:inst34|lpm_dff2:inst|lpm_ff:lpm_ff_component|dffs[4]   ; clk      ;
; N/A                                     ; None                                                ; -2.993 ns ; Data[4]  ; cash_line:inst32|lpm_dff3:inst2|lpm_ff:lpm_ff_component|dffs[4]  ; clk      ;
; N/A                                     ; None                                                ; -2.999 ns ; Data[4]  ; cash_line:inst32|lpm_dff3:inst1|lpm_ff:lpm_ff_component|dffs[4]  ; clk      ;
; N/A                                     ; None                                                ; -3.000 ns ; Data[4]  ; cash_line:inst31|lpm_dff3:inst1|lpm_ff:lpm_ff_component|dffs[4]  ; clk      ;
; N/A                                     ; None                                                ; -3.021 ns ; Data[12] ; cash_line:inst31|lpm_dff3:inst4|lpm_ff:lpm_ff_component|dffs[12] ; clk      ;
; N/A                                     ; None                                                ; -3.032 ns ; Data[10] ; cash_line:inst34|lpm_dff3:inst4|lpm_ff:lpm_ff_component|dffs[10] ; clk      ;
; N/A                                     ; None                                                ; -3.038 ns ; Data[10] ; cash_line:inst34|lpm_dff3:inst3|lpm_ff:lpm_ff_component|dffs[10] ; clk      ;
; N/A                                     ; None                                                ; -3.039 ns ; Data[10] ; cash_line:inst34|lpm_dff3:inst2|lpm_ff:lpm_ff_component|dffs[10] ; clk      ;
; N/A                                     ; None                                                ; -3.042 ns ; Data[12] ; cash_line:inst32|lpm_dff3:inst1|lpm_ff:lpm_ff_component|dffs[12] ; clk      ;
; N/A                                     ; None                                                ; -3.043 ns ; Data[12] ; cash_line:inst34|lpm_dff3:inst1|lpm_ff:lpm_ff_component|dffs[12] ; clk      ;
; N/A                                     ; None                                                ; -3.049 ns ; Data[9]  ; cash_line:inst34|lpm_dff3:inst2|lpm_ff:lpm_ff_component|dffs[9]  ; clk      ;
; N/A                                     ; None                                                ; -3.050 ns ; Data[9]  ; cash_line:inst34|lpm_dff3:inst1|lpm_ff:lpm_ff_component|dffs[9]  ; clk      ;
; N/A                                     ; None                                                ; -3.051 ns ; Data[0]  ; cash_line:inst32|lpm_dff3:inst3|lpm_ff:lpm_ff_component|dffs[0]  ; clk      ;
; N/A                                     ; None                                                ; -3.054 ns ; Data[9]  ; cash_line:inst34|lpm_dff3:inst3|lpm_ff:lpm_ff_component|dffs[9]  ; clk      ;
; N/A                                     ; None                                                ; -3.066 ns ; Data[4]  ; cash_line:inst34|lpm_dff3:inst3|lpm_ff:lpm_ff_component|dffs[4]  ; clk      ;
; N/A                                     ; None                                                ; -3.086 ns ; Data[1]  ; cash_line:inst34|lpm_dff3:inst2|lpm_ff:lpm_ff_component|dffs[1]  ; clk      ;
; N/A                                     ; None                                                ; -3.097 ns ; Data[2]  ; cash_line:inst34|lpm_dff3:inst2|lpm_ff:lpm_ff_component|dffs[2]  ; clk      ;
; N/A                                     ; None                                                ; -3.107 ns ; Data[3]  ; cash_line:inst34|lpm_dff3:inst4|lpm_ff:lpm_ff_component|dffs[3]  ; clk      ;
; N/A                                     ; None                                                ; -3.130 ns ; Data[1]  ; cash_line:inst31|lpm_dff3:inst3|lpm_ff:lpm_ff_component|dffs[1]  ; clk      ;
; N/A                                     ; None                                                ; -3.132 ns ; Tag[1]   ; cash_line:inst31|lpm_dff2:inst|lpm_ff:lpm_ff_component|dffs[1]   ; clk      ;
; N/A                                     ; None                                                ; -3.138 ns ; Data[2]  ; cash_line:inst32|lpm_dff3:inst2|lpm_ff:lpm_ff_component|dffs[2]  ; clk      ;
; N/A                                     ; None                                                ; -3.140 ns ; Data[2]  ; cash_line:inst32|lpm_dff3:inst1|lpm_ff:lpm_ff_component|dffs[2]  ; clk      ;
; N/A                                     ; None                                                ; -3.143 ns ; Data[2]  ; cash_line:inst33|lpm_dff3:inst2|lpm_ff:lpm_ff_component|dffs[2]  ; clk      ;
; N/A                                     ; None                                                ; -3.146 ns ; Data[12] ; cash_line:inst34|lpm_dff3:inst4|lpm_ff:lpm_ff_component|dffs[12] ; clk      ;
; N/A                                     ; None                                                ; -3.146 ns ; Tag[4]   ; cash_line:inst33|lpm_dff2:inst|lpm_ff:lpm_ff_component|dffs[4]   ; clk      ;
; N/A                                     ; None                                                ; -3.153 ns ; Data[11] ; cash_line:inst31|lpm_dff3:inst2|lpm_ff:lpm_ff_component|dffs[11] ; clk      ;
; N/A                                     ; None                                                ; -3.193 ns ; Data[5]  ; cash_line:inst32|lpm_dff3:inst1|lpm_ff:lpm_ff_component|dffs[5]  ; clk      ;
; N/A                                     ; None                                                ; -3.194 ns ; Data[5]  ; cash_line:inst32|lpm_dff3:inst2|lpm_ff:lpm_ff_component|dffs[5]  ; clk      ;
; N/A                                     ; None                                                ; -3.209 ns ; Data[2]  ; cash_line:inst32|lpm_dff3:inst3|lpm_ff:lpm_ff_component|dffs[2]  ; clk      ;
; N/A                                     ; None                                                ; -3.209 ns ; Data[3]  ; cash_line:inst31|lpm_dff3:inst2|lpm_ff:lpm_ff_component|dffs[3]  ; clk      ;
; N/A                                     ; None                                                ; -3.213 ns ; Data[2]  ; cash_line:inst34|lpm_dff3:inst1|lpm_ff:lpm_ff_component|dffs[2]  ; clk      ;
; N/A                                     ; None                                                ; -3.214 ns ; Data[8]  ; cash_line:inst33|lpm_dff3:inst1|lpm_ff:lpm_ff_component|dffs[8]  ; clk      ;
; N/A                                     ; None                                                ; -3.216 ns ; Data[3]  ; cash_line:inst31|lpm_dff3:inst3|lpm_ff:lpm_ff_component|dffs[3]  ; clk      ;
; N/A                                     ; None                                                ; -3.216 ns ; Data[3]  ; cash_line:inst34|lpm_dff3:inst2|lpm_ff:lpm_ff_component|dffs[3]  ; clk      ;
; N/A                                     ; None                                                ; -3.219 ns ; Data[3]  ; cash_line:inst32|lpm_dff3:inst3|lpm_ff:lpm_ff_component|dffs[3]  ; clk      ;
; N/A                                     ; None                                                ; -3.231 ns ; Data[8]  ; cash_line:inst34|lpm_dff3:inst3|lpm_ff:lpm_ff_component|dffs[8]  ; clk      ;
; N/A                                     ; None                                                ; -3.233 ns ; Data[3]  ; cash_line:inst31|lpm_dff3:inst1|lpm_ff:lpm_ff_component|dffs[3]  ; clk      ;
; N/A                                     ; None                                                ; -3.237 ns ; Data[3]  ; cash_line:inst32|lpm_dff3:inst1|lpm_ff:lpm_ff_component|dffs[3]  ; clk      ;
; N/A                                     ; None                                                ; -3.246 ns ; MemWrite ; cash_line:inst32|lpm_dff2:inst|lpm_ff:lpm_ff_component|dffs[5]   ; clk      ;
; N/A                                     ; None                                                ; -3.249 ns ; Data[4]  ; cash_line:inst33|lpm_dff3:inst3|lpm_ff:lpm_ff_component|dffs[4]  ; clk      ;
; N/A                                     ; None                                                ; -3.251 ns ; Tag[2]   ; cash_line:inst33|lpm_dff2:inst|lpm_ff:lpm_ff_component|dffs[2]   ; clk      ;
; N/A                                     ; None                                                ; -3.252 ns ; Data[1]  ; cash_line:inst33|lpm_dff3:inst2|lpm_ff:lpm_ff_component|dffs[1]  ; clk      ;
; N/A                                     ; None                                                ; -3.252 ns ; Tag[1]   ; cash_line:inst33|lpm_dff2:inst|lpm_ff:lpm_ff_component|dffs[1]   ; clk      ;
; N/A                                     ; None                                                ; -3.256 ns ; Data[2]  ; cash_line:inst31|lpm_dff3:inst3|lpm_ff:lpm_ff_component|dffs[2]  ; clk      ;
; N/A                                     ; None                                                ; -3.257 ns ; Tag[3]   ; cash_line:inst31|lpm_dff2:inst|lpm_ff:lpm_ff_component|dffs[3]   ; clk      ;
; N/A                                     ; None                                                ; -3.260 ns ; Tag[1]   ; cash_line:inst34|lpm_dff2:inst|lpm_ff:lpm_ff_component|dffs[1]   ; clk      ;
; N/A                                     ; None                                                ; -3.263 ns ; Tag[3]   ; cash_line:inst33|lpm_dff2:inst|lpm_ff:lpm_ff_component|dffs[3]   ; clk      ;
; N/A                                     ; None                                                ; -3.267 ns ; Tag[3]   ; cash_line:inst34|lpm_dff2:inst|lpm_ff:lpm_ff_component|dffs[3]   ; clk      ;
; N/A                                     ; None                                                ; -3.283 ns ; Data[7]  ; cash_line:inst32|lpm_dff3:inst3|lpm_ff:lpm_ff_component|dffs[7]  ; clk      ;
; N/A                                     ; None                                                ; -3.284 ns ; Tag[0]   ; cash_line:inst33|lpm_dff2:inst|lpm_ff:lpm_ff_component|dffs[0]   ; clk      ;
; N/A                                     ; None                                                ; -3.284 ns ; Tag[0]   ; cash_line:inst32|lpm_dff2:inst|lpm_ff:lpm_ff_component|dffs[0]   ; clk      ;
; N/A                                     ; None                                                ; -3.285 ns ; Tag[0]   ; cash_line:inst34|lpm_dff2:inst|lpm_ff:lpm_ff_component|dffs[0]   ; clk      ;
; N/A                                     ; None                                                ; -3.294 ns ; Data[3]  ; cash_line:inst34|lpm_dff3:inst3|lpm_ff:lpm_ff_component|dffs[3]  ; clk      ;
; N/A                                     ; None                                                ; -3.307 ns ; Data[3]  ; cash_line:inst33|lpm_dff3:inst3|lpm_ff:lpm_ff_component|dffs[3]  ; clk      ;
; N/A                                     ; None                                                ; -3.328 ns ; Tag[1]   ; cash_line:inst32|lpm_dff2:inst|lpm_ff:lpm_ff_component|dffs[1]   ; clk      ;
; N/A                                     ; None                                                ; -3.332 ns ; Data[8]  ; cash_line:inst31|lpm_dff3:inst1|lpm_ff:lpm_ff_component|dffs[8]  ; clk      ;
; N/A                                     ; None                                                ; -3.350 ns ; Data[12] ; cash_line:inst34|lpm_dff3:inst2|lpm_ff:lpm_ff_component|dffs[12] ; clk      ;
; N/A                                     ; None                                                ; -3.355 ns ; Data[0]  ; cash_line:inst32|lpm_dff3:inst1|lpm_ff:lpm_ff_component|dffs[0]  ; clk      ;
; N/A                                     ; None                                                ; -3.356 ns ; Data[0]  ; cash_line:inst32|lpm_dff3:inst2|lpm_ff:lpm_ff_component|dffs[0]  ; clk      ;
; N/A                                     ; None                                                ; -3.359 ns ; Tag[2]   ; cash_line:inst34|lpm_dff2:inst|lpm_ff:lpm_ff_component|dffs[2]   ; clk      ;
; N/A                                     ; None                                                ; -3.361 ns ; Data[5]  ; cash_line:inst31|lpm_dff3:inst1|lpm_ff:lpm_ff_component|dffs[5]  ; clk      ;
; N/A                                     ; None                                                ; -3.366 ns ; MemWrite ; cash_line:inst31|lpm_dff2:inst|lpm_ff:lpm_ff_component|dffs[5]   ; clk      ;
; N/A                                     ; None                                                ; -3.367 ns ; Data[2]  ; cash_line:inst33|lpm_dff3:inst1|lpm_ff:lpm_ff_component|dffs[2]  ; clk      ;
; N/A                                     ; None                                                ; -3.371 ns ; Data[5]  ; cash_line:inst34|lpm_dff3:inst1|lpm_ff:lpm_ff_component|dffs[5]  ; clk      ;
; N/A                                     ; None                                                ; -3.372 ns ; Data[5]  ; cash_line:inst33|lpm_dff3:inst1|lpm_ff:lpm_ff_component|dffs[5]  ; clk      ;
; N/A                                     ; None                                                ; -3.384 ns ; Data[7]  ; cash_line:inst32|lpm_dff3:inst4|lpm_ff:lpm_ff_component|dffs[7]  ; clk      ;
; N/A                                     ; None                                                ; -3.385 ns ; Data[7]  ; cash_line:inst32|lpm_dff3:inst1|lpm_ff:lpm_ff_component|dffs[7]  ; clk      ;
; N/A                                     ; None                                                ; -3.390 ns ; Data[12] ; cash_line:inst31|lpm_dff3:inst2|lpm_ff:lpm_ff_component|dffs[12] ; clk      ;
; N/A                                     ; None                                                ; -3.393 ns ; Data[12] ; cash_line:inst31|lpm_dff3:inst3|lpm_ff:lpm_ff_component|dffs[12] ; clk      ;
; N/A                                     ; None                                                ; -3.406 ns ; Data[3]  ; cash_line:inst34|lpm_dff3:inst1|lpm_ff:lpm_ff_component|dffs[3]  ; clk      ;
; N/A                                     ; None                                                ; -3.406 ns ; Data[12] ; cash_line:inst33|lpm_dff3:inst3|lpm_ff:lpm_ff_component|dffs[12] ; clk      ;
; N/A                                     ; None                                                ; -3.408 ns ; Data[3]  ; cash_line:inst33|lpm_dff3:inst1|lpm_ff:lpm_ff_component|dffs[3]  ; clk      ;
; N/A                                     ; None                                                ; -3.410 ns ; Data[10] ; cash_line:inst31|lpm_dff3:inst3|lpm_ff:lpm_ff_component|dffs[10] ; clk      ;
; N/A                                     ; None                                                ; -3.410 ns ; Data[12] ; cash_line:inst34|lpm_dff3:inst3|lpm_ff:lpm_ff_component|dffs[12] ; clk      ;
; N/A                                     ; None                                                ; -3.414 ns ; Data[10] ; cash_line:inst33|lpm_dff3:inst3|lpm_ff:lpm_ff_component|dffs[10] ; clk      ;
; N/A                                     ; None                                                ; -3.437 ns ; Data[9]  ; cash_line:inst31|lpm_dff3:inst2|lpm_ff:lpm_ff_component|dffs[9]  ; clk      ;
; N/A                                     ; None                                                ; -3.444 ns ; Data[3]  ; cash_line:inst32|lpm_dff3:inst2|lpm_ff:lpm_ff_component|dffs[3]  ; clk      ;
; N/A                                     ; None                                                ; -3.445 ns ; Data[12] ; cash_line:inst33|lpm_dff3:inst2|lpm_ff:lpm_ff_component|dffs[12] ; clk      ;
; N/A                                     ; None                                                ; -3.449 ns ; Data[7]  ; cash_line:inst31|lpm_dff3:inst1|lpm_ff:lpm_ff_component|dffs[7]  ; clk      ;
; N/A                                     ; None                                                ; -3.450 ns ; Data[2]  ; cash_line:inst34|lpm_dff3:inst4|lpm_ff:lpm_ff_component|dffs[2]  ; clk      ;
; N/A                                     ; None                                                ; -3.454 ns ; Data[5]  ; cash_line:inst31|lpm_dff3:inst3|lpm_ff:lpm_ff_component|dffs[5]  ; clk      ;
; N/A                                     ; None                                                ; -3.490 ns ; Tag[3]   ; cash_line:inst32|lpm_dff2:inst|lpm_ff:lpm_ff_component|dffs[3]   ; clk      ;
; N/A                                     ; None                                                ; -3.522 ns ; Data[2]  ; cash_line:inst31|lpm_dff3:inst4|lpm_ff:lpm_ff_component|dffs[2]  ; clk      ;
; N/A                                     ; None                                                ; -3.542 ns ; Tag[4]   ; cash_line:inst31|lpm_dff2:inst|lpm_ff:lpm_ff_component|dffs[4]   ; clk      ;
; N/A                                     ; None                                                ; -3.551 ns ; Data[2]  ; cash_line:inst33|lpm_dff3:inst4|lpm_ff:lpm_ff_component|dffs[2]  ; clk      ;
; N/A                                     ; None                                                ; -3.555 ns ; Tag[4]   ; cash_line:inst32|lpm_dff2:inst|lpm_ff:lpm_ff_component|dffs[4]   ; clk      ;
; N/A                                     ; None                                                ; -3.561 ns ; Tag[0]   ; cash_line:inst31|lpm_dff2:inst|lpm_ff:lpm_ff_component|dffs[0]   ; clk      ;
; N/A                                     ; None                                                ; -3.572 ns ; Data[0]  ; cash_line:inst32|lpm_dff3:inst4|lpm_ff:lpm_ff_component|dffs[0]  ; clk      ;
; Timing analysis restricted to 200 rows. ; To change the limit use Settings (Assignments menu) ;           ;          ;                                                                  ;          ;
+-----------------------------------------+-----------------------------------------------------+-----------+----------+------------------------------------------------------------------+----------+


+--------------------------+
; Timing Analyzer Messages ;
+--------------------------+
Info: *******************************************************************
Info: Running Quartus II Classic Timing Analyzer
    Info: Version 9.1 Build 222 10/21/2009 SJ Web Edition
    Info: Processing started: Thu May 07 16:43:12 2026
Info: Command: quartus_tan --read_settings_files=off --write_settings_files=off kurswork -c kurswork --timing_analysis_only
Warning: Found pins functioning as undefined clocks and/or memory enables
    Info: Assuming node "clk" is an undefined clock
Info: Clock "clk" has Internal fmax of 105.46 MHz between source register "lpm_counter1:inst3|lpm_counter:lpm_counter_component|cntr_5pi:auto_generated|safe_q[3]" and destination register "cash_line:inst33|lpm_dff3:inst1|lpm_ff:lpm_ff_component|dffs[7]" (period= 9.482 ns)
    Info: + Longest register to register delay is 4.558 ns
        Info: 1: + IC(0.000 ns) + CELL(0.000 ns) = 0.000 ns; Loc. = LCFF_X17_Y19_N9; Fanout = 5; REG Node = 'lpm_counter1:inst3|lpm_counter:lpm_counter_component|cntr_5pi:auto_generated|safe_q[3]'
        Info: 2: + IC(0.812 ns) + CELL(0.346 ns) = 1.158 ns; Loc. = LCCOMB_X18_Y18_N20; Fanout = 3; COMB Node = 'lpm_mux4:inst8|lpm_mux:lpm_mux_component|mux_54e:auto_generated|l1_w2_n0_mux_dataout~0'
        Info: 3: + IC(0.364 ns) + CELL(0.228 ns) = 1.750 ns; Loc. = LCCOMB_X18_Y18_N30; Fanout = 9; COMB Node = 'lpm_compare4:inst9|lpm_compare:lpm_compare_component|cmpr_nlg:auto_generated|aleb~2'
        Info: 4: + IC(0.377 ns) + CELL(0.366 ns) = 2.493 ns; Loc. = LCCOMB_X19_Y18_N28; Fanout = 12; COMB Node = 'inst83~1'
        Info: 5: + IC(0.635 ns) + CELL(0.053 ns) = 3.181 ns; Loc. = LCCOMB_X18_Y19_N12; Fanout = 13; COMB Node = 'cash_line:inst33|inst6~0'
        Info: 6: + IC(0.631 ns) + CELL(0.746 ns) = 4.558 ns; Loc. = LCFF_X19_Y16_N21; Fanout = 2; REG Node = 'cash_line:inst33|lpm_dff3:inst1|lpm_ff:lpm_ff_component|dffs[7]'
        Info: Total cell delay = 1.739 ns ( 38.15 % )
        Info: Total interconnect delay = 2.819 ns ( 61.85 % )
    Info: - Smallest clock skew is 0.001 ns
        Info: + Shortest clock path from clock "clk" to destination register is 2.459 ns
            Info: 1: + IC(0.000 ns) + CELL(0.854 ns) = 0.854 ns; Loc. = PIN_N20; Fanout = 1; CLK Node = 'clk'
            Info: 2: + IC(0.343 ns) + CELL(0.000 ns) = 1.197 ns; Loc. = CLKCTRL_G3; Fanout = 269; COMB Node = 'clk~clkctrl'
            Info: 3: + IC(0.644 ns) + CELL(0.618 ns) = 2.459 ns; Loc. = LCFF_X19_Y16_N21; Fanout = 2; REG Node = 'cash_line:inst33|lpm_dff3:inst1|lpm_ff:lpm_ff_component|dffs[7]'
            Info: Total cell delay = 1.472 ns ( 59.86 % )
            Info: Total interconnect delay = 0.987 ns ( 40.14 % )
        Info: - Longest clock path from clock "clk" to source register is 2.458 ns
            Info: 1: + IC(0.000 ns) + CELL(0.854 ns) = 0.854 ns; Loc. = PIN_N20; Fanout = 1; CLK Node = 'clk'
            Info: 2: + IC(0.343 ns) + CELL(0.000 ns) = 1.197 ns; Loc. = CLKCTRL_G3; Fanout = 269; COMB Node = 'clk~clkctrl'
            Info: 3: + IC(0.643 ns) + CELL(0.618 ns) = 2.458 ns; Loc. = LCFF_X17_Y19_N9; Fanout = 5; REG Node = 'lpm_counter1:inst3|lpm_counter:lpm_counter_component|cntr_5pi:auto_generated|safe_q[3]'
            Info: Total cell delay = 1.472 ns ( 59.89 % )
            Info: Total interconnect delay = 0.986 ns ( 40.11 % )
    Info: + Micro clock to output delay of source is 0.094 ns
    Info: + Micro setup delay of destination is 0.090 ns
    Info: Delay path is controlled by inverted clocks -- if clock duty cycle is 50%, fmax is divided by two
Info: tsu for register "cash_line:inst34|lpm_dff3:inst3|lpm_ff:lpm_ff_component|dffs[7]" (data pin = "Tag[1]", clock pin = "clk") is 8.250 ns
    Info: + Longest pin to register delay is 10.618 ns
        Info: 1: + IC(0.000 ns) + CELL(0.772 ns) = 0.772 ns; Loc. = PIN_AA9; Fanout = 9; PIN Node = 'Tag[1]'
        Info: 2: + IC(4.837 ns) + CELL(0.366 ns) = 5.975 ns; Loc. = LCCOMB_X19_Y17_N26; Fanout = 3; COMB Node = 'lpm_compare5:inst38|lpm_compare:lpm_compare_component|cmpr_20h:auto_generated|aneb_result_wire[0]~1'
        Info: 3: + IC(0.848 ns) + CELL(0.225 ns) = 7.048 ns; Loc. = LCCOMB_X23_Y18_N0; Fanout = 4; COMB Node = 'lpm_compare5:inst38|lpm_compare:lpm_compare_component|cmpr_20h:auto_generated|aneb_result_wire[0]'
        Info: 4: + IC(0.788 ns) + CELL(0.225 ns) = 8.061 ns; Loc. = LCCOMB_X19_Y17_N20; Fanout = 6; COMB Node = 'inst63'
        Info: 5: + IC(0.682 ns) + CELL(0.346 ns) = 9.089 ns; Loc. = LCCOMB_X18_Y18_N12; Fanout = 13; COMB Node = 'cash_line:inst34|inst8~1'
        Info: 6: + IC(0.783 ns) + CELL(0.746 ns) = 10.618 ns; Loc. = LCFF_X17_Y20_N1; Fanout = 2; REG Node = 'cash_line:inst34|lpm_dff3:inst3|lpm_ff:lpm_ff_component|dffs[7]'
        Info: Total cell delay = 2.680 ns ( 25.24 % )
        Info: Total interconnect delay = 7.938 ns ( 74.76 % )
    Info: + Micro setup delay of destination is 0.090 ns
    Info: - Shortest clock path from clock "clk" to destination register is 2.458 ns
        Info: 1: + IC(0.000 ns) + CELL(0.854 ns) = 0.854 ns; Loc. = PIN_N20; Fanout = 1; CLK Node = 'clk'
        Info: 2: + IC(0.343 ns) + CELL(0.000 ns) = 1.197 ns; Loc. = CLKCTRL_G3; Fanout = 269; COMB Node = 'clk~clkctrl'
        Info: 3: + IC(0.643 ns) + CELL(0.618 ns) = 2.458 ns; Loc. = LCFF_X17_Y20_N1; Fanout = 2; REG Node = 'cash_line:inst34|lpm_dff3:inst3|lpm_ff:lpm_ff_component|dffs[7]'
        Info: Total cell delay = 1.472 ns ( 59.89 % )
        Info: Total interconnect delay = 0.986 ns ( 40.11 % )
Info: tco from clock "clk" to destination pin "DataOut[0]" through register "lpm_counter1:inst3|lpm_counter:lpm_counter_component|cntr_5pi:auto_generated|safe_q[3]" is 13.392 ns
    Info: + Longest clock path from clock "clk" to source register is 2.458 ns
        Info: 1: + IC(0.000 ns) + CELL(0.854 ns) = 0.854 ns; Loc. = PIN_N20; Fanout = 1; CLK Node = 'clk'
        Info: 2: + IC(0.343 ns) + CELL(0.000 ns) = 1.197 ns; Loc. = CLKCTRL_G3; Fanout = 269; COMB Node = 'clk~clkctrl'
        Info: 3: + IC(0.643 ns) + CELL(0.618 ns) = 2.458 ns; Loc. = LCFF_X17_Y19_N9; Fanout = 5; REG Node = 'lpm_counter1:inst3|lpm_counter:lpm_counter_component|cntr_5pi:auto_generated|safe_q[3]'
        Info: Total cell delay = 1.472 ns ( 59.89 % )
        Info: Total interconnect delay = 0.986 ns ( 40.11 % )
    Info: + Micro clock to output delay of source is 0.094 ns
    Info: + Longest register to pin delay is 10.840 ns
        Info: 1: + IC(0.000 ns) + CELL(0.000 ns) = 0.000 ns; Loc. = LCFF_X17_Y19_N9; Fanout = 5; REG Node = 'lpm_counter1:inst3|lpm_counter:lpm_counter_component|cntr_5pi:auto_generated|safe_q[3]'
        Info: 2: + IC(0.812 ns) + CELL(0.346 ns) = 1.158 ns; Loc. = LCCOMB_X18_Y18_N20; Fanout = 3; COMB Node = 'lpm_mux4:inst8|lpm_mux:lpm_mux_component|mux_54e:auto_generated|l1_w2_n0_mux_dataout~0'
        Info: 3: + IC(0.364 ns) + CELL(0.228 ns) = 1.750 ns; Loc. = LCCOMB_X18_Y18_N30; Fanout = 9; COMB Node = 'lpm_compare4:inst9|lpm_compare:lpm_compare_component|cmpr_nlg:auto_generated|aleb~2'
        Info: 4: + IC(1.385 ns) + CELL(0.234 ns) = 3.369 ns; Loc. = LCCOMB_X17_Y18_N16; Fanout = 35; COMB Node = 'lpm_mux8:inst69|lpm_mux:lpm_mux_component|mux_34e:auto_generated|l1_w0_n0_mux_dataout~0'
        Info: 5: + IC(1.587 ns) + CELL(0.357 ns) = 5.313 ns; Loc. = LCCOMB_X15_Y19_N28; Fanout = 1; COMB Node = 'lpm_mux6:inst4|lpm_mux:lpm_mux_component|mux_o5e:auto_generated|l2_w0_n0_mux_dataout~0'
        Info: 6: + IC(1.248 ns) + CELL(0.053 ns) = 6.614 ns; Loc. = LCCOMB_X14_Y19_N12; Fanout = 1; COMB Node = 'lpm_mux6:inst4|lpm_mux:lpm_mux_component|mux_o5e:auto_generated|l2_w0_n0_mux_dataout~4'
        Info: 7: + IC(2.284 ns) + CELL(1.942 ns) = 10.840 ns; Loc. = PIN_U14; Fanout = 0; PIN Node = 'DataOut[0]'
        Info: Total cell delay = 3.160 ns ( 29.15 % )
        Info: Total interconnect delay = 7.680 ns ( 70.85 % )
Info: Longest tpd from source pin "Tag[1]" to destination pin "DataOut[0]" is 15.822 ns
    Info: 1: + IC(0.000 ns) + CELL(0.772 ns) = 0.772 ns; Loc. = PIN_AA9; Fanout = 9; PIN Node = 'Tag[1]'
    Info: 2: + IC(4.837 ns) + CELL(0.366 ns) = 5.975 ns; Loc. = LCCOMB_X19_Y17_N26; Fanout = 3; COMB Node = 'lpm_compare5:inst38|lpm_compare:lpm_compare_component|cmpr_20h:auto_generated|aneb_result_wire[0]~1'
    Info: 3: + IC(0.961 ns) + CELL(0.378 ns) = 7.314 ns; Loc. = LCCOMB_X23_Y18_N14; Fanout = 3; COMB Node = 'inst60~0'
    Info: 4: + IC(0.765 ns) + CELL(0.272 ns) = 8.351 ns; Loc. = LCCOMB_X17_Y18_N16; Fanout = 35; COMB Node = 'lpm_mux8:inst69|lpm_mux:lpm_mux_component|mux_34e:auto_generated|l1_w0_n0_mux_dataout~0'
    Info: 5: + IC(1.587 ns) + CELL(0.357 ns) = 10.295 ns; Loc. = LCCOMB_X15_Y19_N28; Fanout = 1; COMB Node = 'lpm_mux6:inst4|lpm_mux:lpm_mux_component|mux_o5e:auto_generated|l2_w0_n0_mux_dataout~0'
    Info: 6: + IC(1.248 ns) + CELL(0.053 ns) = 11.596 ns; Loc. = LCCOMB_X14_Y19_N12; Fanout = 1; COMB Node = 'lpm_mux6:inst4|lpm_mux:lpm_mux_component|mux_o5e:auto_generated|l2_w0_n0_mux_dataout~4'
    Info: 7: + IC(2.284 ns) + CELL(1.942 ns) = 15.822 ns; Loc. = PIN_U14; Fanout = 0; PIN Node = 'DataOut[0]'
    Info: Total cell delay = 4.140 ns ( 26.17 % )
    Info: Total interconnect delay = 11.682 ns ( 73.83 % )
Info: th for register "cash_line:inst33|lpm_dff3:inst1|lpm_ff:lpm_ff_component|dffs[10]" (data pin = "Data[10]", clock pin = "clk") is 0.315 ns
    Info: + Longest clock path from clock "clk" to destination register is 2.458 ns
        Info: 1: + IC(0.000 ns) + CELL(0.854 ns) = 0.854 ns; Loc. = PIN_N20; Fanout = 1; CLK Node = 'clk'
        Info: 2: + IC(0.343 ns) + CELL(0.000 ns) = 1.197 ns; Loc. = CLKCTRL_G3; Fanout = 269; COMB Node = 'clk~clkctrl'
        Info: 3: + IC(0.643 ns) + CELL(0.618 ns) = 2.458 ns; Loc. = LCFF_X18_Y19_N21; Fanout = 2; REG Node = 'cash_line:inst33|lpm_dff3:inst1|lpm_ff:lpm_ff_component|dffs[10]'
        Info: Total cell delay = 1.472 ns ( 59.89 % )
        Info: Total interconnect delay = 0.986 ns ( 40.11 % )
    Info: + Micro hold delay of destination is 0.149 ns
    Info: - Shortest pin to register delay is 2.292 ns
        Info: 1: + IC(0.000 ns) + CELL(0.809 ns) = 0.809 ns; Loc. = PIN_B12; Fanout = 16; PIN Node = 'Data[10]'
        Info: 2: + IC(1.275 ns) + CELL(0.053 ns) = 2.137 ns; Loc. = LCCOMB_X18_Y19_N20; Fanout = 1; COMB Node = 'cash_line:inst33|lpm_dff3:inst1|lpm_ff:lpm_ff_component|dffs[10]~feeder'
        Info: 3: + IC(0.000 ns) + CELL(0.155 ns) = 2.292 ns; Loc. = LCFF_X18_Y19_N21; Fanout = 2; REG Node = 'cash_line:inst33|lpm_dff3:inst1|lpm_ff:lpm_ff_component|dffs[10]'
        Info: Total cell delay = 1.017 ns ( 44.37 % )
        Info: Total interconnect delay = 1.275 ns ( 55.63 % )
Info: Quartus II Classic Timing Analyzer was successful. 0 errors, 1 warning
    Info: Peak virtual memory: 120 megabytes
    Info: Processing ended: Thu May 07 16:43:14 2026
    Info: Elapsed time: 00:00:02
    Info: Total CPU time (on all processors): 00:00:01


